Commodity,District Name,Market Name,Year,Month,Arrivals (Tonnes),Min Price (Rs./Quintal),Max Price (Rs./Quintal),Modal Price (Rs./Quintal),Rainfall_Minus1,Rainfall_Minus2,Rainfall_Minus3,Total_Rainfall_3Months,Area (Hectare),Yield (Tonne/Hectare)
Soyabean,belgaum,Athani,2018,7,1.0,4000,4000,4000.0,449.83,88.99,13.66,552.4799999999999,72014.0,1.26
Soyabean,belgaum,Athani,2018,9,11.0,3000,35000,3500.0,223.24,448.42,449.83,1121.49,72014.0,1.26
Soyabean,belgaum,Athani,2018,11,1.0,3400,3400,3400.0,51.47,126.24,223.24,400.95,72014.0,1.26
Soyabean,belgaum,Athani,2020,5,53.0,4000,4000,4000.0,35.42,14.15,0.0,49.57,84751.0,1.03
Soyabean,belgaum,Athani,2021,6,2.0,6500,6500,6500.0,247.17,30.21,2.34,279.72,99446.0,0.98
Soyabean,belgaum,Athani,2022,6,2.0,7000,7000,7000.0,68.26,50.03,12.39,130.68,96859.0,1.01
Soyabean,belgaum,Athani,2022,7,2.0,7000,7000,7000.0,257.24,68.26,50.03,375.53,96859.0,1.01
Soyabean,belgaum,Bailahongal,2018,7,5.0,3500,3624,3550.0,449.83,88.99,13.66,552.4799999999999,72014.0,1.26
Soyabean,belgaum,Bailahongal,2018,9,4474.0,3000,3379,3100.0,223.24,448.42,449.83,1121.49,72014.0,1.26
Soyabean,belgaum,Bailahongal,2018,10,5848.0,2850,3319,2950.0,126.24,223.24,448.42,797.9000000000001,72014.0,1.26
Soyabean,belgaum,Bailahongal,2018,11,4381.0,300,3449,3360.0,51.47,126.24,223.24,400.95,72014.0,1.26
Soyabean,belgaum,Bailahongal,2018,12,2385.0,3180,3419,3300.0,16.11,51.47,126.24,193.82,72014.0,1.26
Soyabean,belgaum,Bailahongal,2019,1,3868.0,3200,3767,3350.0,3.46,16.11,51.47,71.03999999999999,83238.0,1.0
Soyabean,belgaum,Bailahongal,2019,2,1734.0,3500,3717,3600.0,0.0,3.46,16.11,19.57,83238.0,1.0
Soyabean,belgaum,Bailahongal,2019,3,1346.0,3480,3677,3560.0,0.0,0.0,3.46,3.46,83238.0,1.0
Soyabean,belgaum,Bailahongal,2019,4,1750.0,3550,3800,3700.0,8.51,0.0,0.0,8.51,83238.0,1.0
Soyabean,belgaum,Bailahongal,2019,5,529.0,3500,3706,3630.0,19.16,8.51,0.0,27.67,83238.0,1.0
Soyabean,belgaum,Bailahongal,2019,6,315.0,3500,3681,3600.0,3.8,19.16,8.51,31.47,83238.0,1.0
Soyabean,belgaum,Bailahongal,2019,7,209.0,3450,3629,3510.0,251.3,3.8,19.16,274.26000000000005,83238.0,1.0
Soyabean,belgaum,Bailahongal,2019,8,408.0,3450,3709,3500.0,536.71,251.3,3.8,791.81,83238.0,1.0
Soyabean,belgaum,Bailahongal,2019,9,582.0,3550,3900,3600.0,822.13,536.71,251.3,1610.14,83238.0,1.0
Soyabean,belgaum,Bailahongal,2019,10,1879.0,3300,3810,3480.0,329.51,822.13,536.71,1688.35,83238.0,1.0
Soyabean,belgaum,Bailahongal,2019,11,5041.0,3550,3760,3620.0,331.28,329.51,822.13,1482.92,83238.0,1.0
Soyabean,belgaum,Bailahongal,2019,12,2774.0,3700,4300,3800.0,14.81,331.28,329.51,675.5999999999999,83238.0,1.0
Soyabean,belgaum,Bailahongal,2020,1,2695.0,3900,4300,4050.0,2.28,14.81,331.28,348.36999999999995,84751.0,1.03
Soyabean,belgaum,Bailahongal,2020,2,967.0,3600,4060,3850.0,0.23,2.28,14.81,17.32,84751.0,1.03
Soyabean,belgaum,Bailahongal,2020,3,347.0,3100,3720,3700.0,0.0,0.23,2.28,2.51,84751.0,1.03
Soyabean,belgaum,Bailahongal,2020,4,91.0,3500,3800,3700.0,14.15,0.0,0.23,14.38,84751.0,1.03
Soyabean,belgaum,Bailahongal,2020,5,360.0,2550,3820,3650.0,35.42,14.15,0.0,49.57,84751.0,1.03
Soyabean,belgaum,Bailahongal,2020,6,347.0,2900,3800,3450.0,28.22,35.42,14.15,77.79,84751.0,1.03
Soyabean,belgaum,Bailahongal,2020,7,928.0,3000,3711,3450.0,407.91,28.22,35.42,471.55,84751.0,1.03
Soyabean,belgaum,Bailahongal,2020,8,547.0,3150,4010,3250.0,508.03,407.91,28.22,944.16,84751.0,1.03
Soyabean,belgaum,Bailahongal,2020,9,2108.0,3200,3970,3640.0,618.2,508.03,407.91,1534.14,84751.0,1.03
Soyabean,belgaum,Bailahongal,2020,10,5359.0,2800,4210,3450.0,375.14,618.2,508.03,1501.37,84751.0,1.03
Soyabean,belgaum,Bailahongal,2020,11,6973.0,3350,4420,4100.0,252.1,375.14,618.2,1245.44,84751.0,1.03
Soyabean,belgaum,Bailahongal,2020,12,3689.0,3150,4490,4240.0,0.3,252.1,375.14,627.54,84751.0,1.03
Soyabean,belgaum,Bailahongal,2021,1,2364.0,3480,4600,4350.0,2.62,0.3,252.1,255.02,99446.0,0.98
Soyabean,belgaum,Bailahongal,2021,2,1522.0,3560,5096,4520.0,9.55,2.62,0.3,12.470000000000002,99446.0,0.98
Soyabean,belgaum,Bailahongal,2021,3,841.0,4180,5826,5020.0,9.35,9.55,2.62,21.52,99446.0,0.98
Soyabean,belgaum,Bailahongal,2021,4,527.0,4100,7326,5550.0,2.34,9.35,9.55,21.24,99446.0,0.98
Soyabean,belgaum,Bailahongal,2021,5,319.0,4420,7600,6530.0,30.21,2.34,9.35,41.9,99446.0,0.98
Soyabean,belgaum,Bailahongal,2021,6,223.0,4350,7277,6780.0,247.17,30.21,2.34,279.72,99446.0,0.98
Soyabean,belgaum,Bailahongal,2021,7,114.0,6230,9497,6600.0,500.07,247.17,30.21,777.45,99446.0,0.98
Soyabean,belgaum,Bailahongal,2021,8,102.0,7800,9874,8115.0,693.98,500.07,247.17,1441.22,99446.0,0.98
Soyabean,belgaum,Bailahongal,2021,9,3071.0,5500,8806,8100.0,130.63,693.98,500.07,1324.68,99446.0,0.98
Soyabean,belgaum,Bailahongal,2021,10,1089.0,4850,6100,5100.0,207.25,130.63,693.98,1031.86,99446.0,0.98
Soyabean,belgaum,Bailahongal,2021,11,1261.0,4250,6800,5250.0,129.2,207.25,130.63,467.08,99446.0,0.98
Soyabean,belgaum,Bailahongal,2021,12,1778.0,4950,6850,5860.0,87.11,129.2,207.25,423.56,99446.0,0.98
Soyabean,belgaum,Bailahongal,2022,1,1598.0,4950,6450,6000.0,63.67,87.11,129.2,279.98,96859.0,1.01
Soyabean,belgaum,Bailahongal,2022,2,3287.0,5100,7300,6000.0,0.23,63.67,87.11,151.01,96859.0,1.01
Soyabean,belgaum,Bailahongal,2022,3,1882.0,5310,7659,7200.0,0.0,0.23,63.67,63.9,96859.0,1.01
Soyabean,belgaum,Bailahongal,2022,4,1249.0,5640,7400,7100.0,12.39,0.0,0.23,12.62,96859.0,1.01
Soyabean,belgaum,Bailahongal,2022,5,463.0,5540,7000,6200.0,50.03,12.39,0.0,62.42,96859.0,1.01
Soyabean,belgaum,Bailahongal,2022,6,302.0,5420,6647,6350.0,68.26,50.03,12.39,130.68,96859.0,1.01
Soyabean,belgaum,Bailahongal,2022,7,269.0,5643,6365,6000.0,257.24,68.26,50.03,375.53,96859.0,1.01
Soyabean,belgaum,Bailahongal,2022,8,738.0,4020,6360,6200.0,509.97,257.24,68.26,835.47,96859.0,1.01
Soyabean,belgaum,Bailahongal,2022,9,2951.0,4000,5425,4750.0,340.32,509.97,257.24,1107.53,96859.0,1.01
Soyabean,belgaum,Bailahongal,2022,10,5826.0,4230,5200,4800.0,243.02,340.32,509.97,1093.31,96859.0,1.01
Soyabean,belgaum,Bailahongal,2022,11,2249.0,4072,5920,5320.0,160.19,243.02,340.32,743.53,96859.0,1.01
Soyabean,belgaum,Bailahongal,2022,12,3137.0,4200,5620,5320.0,2.19,160.19,243.02,405.4,96859.0,1.01
Soyabean,belgaum,Bailahongal,2023,1,1159.0,4460,5580,5210.0,3.93,2.19,160.19,166.31,94622.19,1.02
Soyabean,belgaum,Bailahongal,2023,2,1089.0,4500,5380,5100.0,0.02,3.93,2.19,6.140000000000001,94622.19,1.02
Soyabean,belgaum,Bailahongal,2023,3,1377.0,4500,5300,5000.0,0.0,0.02,3.93,3.95,94622.19,1.02
Soyabean,belgaum,Bailahongal,2023,4,1099.0,4550,5350,4950.0,0.05,0.0,0.02,0.07,94622.19,1.02
Soyabean,belgaum,Bailahongal,2023,5,491.0,4420,5145,4950.0,12.14,0.05,0.0,12.19,94622.19,1.02
Soyabean,belgaum,Bailahongal,2023,6,258.0,4450,5050,4800.0,32.34,12.14,0.05,44.53,94622.19,1.02
Soyabean,belgaum,Bailahongal,2023,7,115.0,4410,5020,4800.0,129.46,32.34,12.14,173.94,94622.19,1.02
Soyabean,belgaum,Bailahongal,2023,8,85.0,4300,5000,4830.0,715.38,129.46,32.34,877.1800000000001,94622.19,1.02
Soyabean,belgaum,Bailahongal,2023,9,196.0,4400,4930,4850.0,99.44,715.38,129.46,944.28,94622.19,1.02
Soyabean,belgaum,Bailahongal,2023,10,2807.0,4000,4765,4500.0,198.56,99.44,715.38,1013.38,94622.19,1.02
Soyabean,belgaum,Bailahongal,2023,11,2454.0,4480,5225,4795.0,37.2,198.56,99.44,335.2,94622.19,1.02
Soyabean,belgaum,Bailahongal,2023,12,821.0,4320,5045,4900.0,30.76,37.2,198.56,266.52,94622.19,1.02
Soyabean,belgaum,Bailahongal,2024,1,139.0,4300,4730,4450.0,0.82,30.76,37.2,68.78,95568.41,1.03
Soyabean,belgaum,Bailahongal,2024,2,356.0,4350,4500,4430.0,3.1,0.82,30.76,34.68,95568.41,1.03
Soyabean,belgaum,Bailahongal,2024,3,581.0,4250,4480,4460.0,0.0,3.1,0.82,3.92,95568.41,1.03
Soyabean,belgaum,Bailahongal,2024,4,106.0,4350,4550,4530.0,0.21,0.0,3.1,3.31,95568.41,1.03
Soyabean,belgaum,Bailahongal,2024,5,1533.0,3880,4630,4580.0,47.02,0.21,0.0,47.23,95568.41,1.03
Soyabean,belgaum,Bailahongal,2024,6,1046.0,4280,4590,4450.0,76.21,47.02,0.21,123.43999999999998,95568.41,1.03
Soyabean,belgaum,Bailahongal,2024,7,1714.0,4050,4540,4390.0,368.08,76.21,47.02,491.31,95568.41,1.03
Soyabean,belgaum,Bailahongal,2024,8,1554.0,3800,4420,4150.0,937.57,368.08,76.21,1381.86,95568.41,1.03
Soyabean,belgaum,Bailahongal,2024,9,5134.0,3900,4610,4340.0,364.65,937.57,368.08,1670.3,95568.41,1.03
Soyabean,belgaum,Bailahongal,2024,10,12325.0,418,4400,4300.0,291.38,364.65,937.57,1593.6,95568.41,1.03
Soyabean,belgaum,Bailahongal,2024,11,7608.0,3750,4421,4100.0,325.1,291.38,364.65,981.13,95568.41,1.03
Soyabean,belgaum,Bailahongal,2024,12,6486.0,3400,4300,4020.0,6.35,325.1,291.38,622.83,95568.41,1.03
Soyabean,belgaum,Bailahongal,2025,1,6142.0,3750,4290,4109.0,8.83,6.35,325.1,340.28000000000003,96524.09,1.04
Soyabean,belgaum,Bailahongal,2025,2,3062.0,3560,4220,4000.0,0.0,8.83,6.35,15.18,96524.09,1.04
Soyabean,belgaum,Bailahongal,2025,3,162.0,3720,4120,4000.0,0.06,0.0,8.83,8.89,96524.09,1.04
Soyabean,belgaum,Gokak,2018,7,5.0,2790,3900,2790.0,449.83,88.99,13.66,552.4799999999999,72014.0,1.26
Soyabean,belgaum,Gokak,2020,11,4.0,4000,4650,4000.0,252.1,375.14,618.2,1245.44,84751.0,1.03
Soyabean,belgaum,Gokak,2021,1,4.0,4800,4800,4800.0,2.62,0.3,252.1,255.02,99446.0,0.98
Soyabean,belgaum,Gokak,2021,2,4.0,4000,4000,4000.0,9.55,2.62,0.3,12.470000000000002,99446.0,0.98
Soyabean,belgaum,Kudchi,2024,9,5.0,3400,3700,3500.0,364.65,937.57,368.08,1670.3,95568.41,1.03
Soyabean,belgaum,Kudchi,2024,10,5.0,4200,4600,4300.0,291.38,364.65,937.57,1593.6,95568.41,1.03
Soyabean,belgaum,Nandagada,2020,4,13.0,3300,3300,3300.0,14.15,0.0,0.23,14.38,84751.0,1.03
Soyabean,belgaum,Nandagada,2020,9,204.0,1100,3600,3200.0,618.2,508.03,407.91,1534.14,84751.0,1.03
Soyabean,belgaum,Nandagada,2020,10,185.0,1000,3450,1250.0,375.14,618.2,508.03,1501.37,84751.0,1.03
Soyabean,belgaum,Nippani,2018,8,15.0,3200,3200,3200.0,448.42,449.83,88.99,987.24,72014.0,1.26
Soyabean,belgaum,Nippani,2018,9,450.0,3000,3300,3200.0,223.24,448.42,449.83,1121.49,72014.0,1.26
Soyabean,belgaum,Nippani,2018,10,156.0,2900,3100,2900.0,126.24,223.24,448.42,797.9000000000001,72014.0,1.26
Soyabean,belgaum,Nippani,2019,1,48.0,3800,3800,3800.0,3.46,16.11,51.47,71.03999999999999,83238.0,1.0
Soyabean,belgaum,Nippani,2019,10,714.0,3000,3500,3000.0,329.51,822.13,536.71,1688.35,83238.0,1.0
Soyabean,belgaum,Nippani,2019,11,30.0,3000,3500,3000.0,331.28,329.51,822.13,1482.92,83238.0,1.0
Soyabean,belgaum,Nippani,2019,12,13.0,3300,3300,3300.0,14.81,331.28,329.51,675.5999999999999,83238.0,1.0
Soyabean,belgaum,Nippani,2020,1,13.0,3000,3000,3000.0,2.28,14.81,331.28,348.36999999999995,84751.0,1.03
Soyabean,belgaum,Nippani,2020,2,13.0,3700,3700,3700.0,0.23,2.28,14.81,17.32,84751.0,1.03
Soyabean,belgaum,Nippani,2020,3,21.0,3096,3160,3110.0,0.0,0.23,2.28,2.51,84751.0,1.03
Soyabean,belgaum,Nippani,2020,11,71.0,3800,4000,3900.0,252.1,375.14,618.2,1245.44,84751.0,1.03
Soyabean,belgaum,Nippani,2023,11,333.0,4700,4700,4700.0,37.2,198.56,99.44,335.2,94622.19,1.02
Soyabean,belgaum,Nippani,2024,8,12.0,4600,4600,4600.0,937.57,368.08,76.21,1381.86,95568.41,1.03
Soyabean,belgaum,Nippani,2024,9,33.0,4600,4900,4800.0,364.65,937.57,368.08,1670.3,95568.41,1.03
Soyabean,belgaum,Nippani,2024,10,752.0,4180,4900,4900.0,291.38,364.65,937.57,1593.6,95568.41,1.03
Soyabean,belgaum,Nippani,2024,11,151.0,3900,3950,3920.0,325.1,291.38,364.65,981.13,95568.41,1.03
Soyabean,belgaum,Nippani,2025,2,50.0,4000,4000,4000.0,0.0,8.83,6.35,15.18,96524.09,1.04
Soyabean,belgaum,Ramdurga,2018,7,76.0,3000,3500,3250.0,449.83,88.99,13.66,552.4799999999999,72014.0,1.26
Soyabean,belgaum,Sankeshwar,2018,6,12.0,3600,3800,3732.0,88.99,13.66,8.1,110.75,72014.0,1.26
Soyabean,belgaum,Sankeshwar,2018,7,40.0,3100,3900,3280.0,449.83,88.99,13.66,552.4799999999999,72014.0,1.26
Soyabean,belgaum,Sankeshwar,2018,8,17.0,3100,3300,3200.0,448.42,449.83,88.99,987.24,72014.0,1.26
Soyabean,belgaum,Sankeshwar,2018,9,572.0,2700,3500,3100.0,223.24,448.42,449.83,1121.49,72014.0,1.26
Soyabean,belgaum,Sankeshwar,2018,10,283.0,2600,3300,3000.0,126.24,223.24,448.42,797.9000000000001,72014.0,1.26
Soyabean,belgaum,Sankeshwar,2018,11,139.0,2600,3500,3100.0,51.47,126.24,223.24,400.95,72014.0,1.26
Soyabean,belgaum,Sankeshwar,2018,12,21.0,3200,3400,3300.0,16.11,51.47,126.24,193.82,72014.0,1.26
Soyabean,belgaum,Sankeshwar,2019,1,93.0,2900,3800,3000.0,3.46,16.11,51.47,71.03999999999999,83238.0,1.0
Soyabean,belgaum,Sankeshwar,2019,2,99.0,3200,3800,3700.0,0.0,3.46,16.11,19.57,83238.0,1.0
Soyabean,belgaum,Sankeshwar,2019,3,38.0,3600,4100,3700.0,0.0,0.0,3.46,3.46,83238.0,1.0
Soyabean,belgaum,Sankeshwar,2019,4,45.0,3600,3800,3700.0,8.51,0.0,0.0,8.51,83238.0,1.0
Soyabean,belgaum,Sankeshwar,2019,5,60.0,3600,3800,3700.0,19.16,8.51,0.0,27.67,83238.0,1.0
Soyabean,belgaum,Sankeshwar,2019,6,12.0,3400,3800,3500.0,3.8,19.16,8.51,31.47,83238.0,1.0
Soyabean,belgaum,Sankeshwar,2019,7,10.0,3600,3800,3700.0,251.3,3.8,19.16,274.26000000000005,83238.0,1.0
Soyabean,belgaum,Sankeshwar,2019,8,24.0,3500,3800,3600.0,536.71,251.3,3.8,791.81,83238.0,1.0
Soyabean,belgaum,Sankeshwar,2019,9,282.0,3100,3900,3200.0,822.13,536.71,251.3,1610.14,83238.0,1.0
Soyabean,belgaum,Sankeshwar,2019,10,487.0,3000,3900,3500.0,329.51,822.13,536.71,1688.35,83238.0,1.0
Soyabean,belgaum,Sankeshwar,2019,11,406.0,3100,3800,3600.0,331.28,329.51,822.13,1482.92,83238.0,1.0
Soyabean,belgaum,Sankeshwar,2019,12,302.0,2900,4400,3500.0,14.81,331.28,329.51,675.5999999999999,83238.0,1.0
Soyabean,belgaum,Sankeshwar,2020,1,143.0,3600,4600,4200.0,2.28,14.81,331.28,348.36999999999995,84751.0,1.03
Soyabean,belgaum,Sankeshwar,2020,2,558.0,3600,4400,3800.0,0.23,2.28,14.81,17.32,84751.0,1.03
Soyabean,belgaum,Sankeshwar,2020,3,17.0,3600,3900,3701.0,0.0,0.23,2.28,2.51,84751.0,1.03
Soyabean,belgaum,Sankeshwar,2020,4,10.0,3300,3450,3400.0,14.15,0.0,0.23,14.38,84751.0,1.03
Soyabean,belgaum,Sankeshwar,2020,5,25.0,3400,3600,3500.0,35.42,14.15,0.0,49.57,84751.0,1.03
Soyabean,belgaum,Sankeshwar,2020,6,36.0,3400,3500,3450.0,28.22,35.42,14.15,77.79,84751.0,1.03
Soyabean,belgaum,Sankeshwar,2020,7,12.0,3400,3500,3450.0,407.91,28.22,35.42,471.55,84751.0,1.03
Soyabean,belgaum,Sankeshwar,2024,8,24.0,4000,4200,4100.0,937.57,368.08,76.21,1381.86,95568.41,1.03
Soyabean,belgaum,Sankeshwar,2024,9,1086.0,3954,4544,4200.0,364.65,937.57,368.08,1670.3,95568.41,1.03
Soyabean,belgaum,Sankeshwar,2024,10,1553.0,400,4450,4200.0,291.38,364.65,937.57,1593.6,95568.41,1.03
Soyabean,belgaum,Sankeshwar,2024,11,1602.0,3900,4300,4050.0,325.1,291.38,364.65,981.13,95568.41,1.03
Soyabean,belgaum,Sankeshwar,2024,12,241.0,3900,4300,3950.0,6.35,325.1,291.38,622.83,95568.41,1.03
Soyabean,belgaum,Sankeshwar,2025,1,223.0,3800,4214,4050.0,8.83,6.35,325.1,340.28000000000003,96524.09,1.04
Soyabean,belgaum,Sankeshwar,2025,2,245.0,4000,4200,4050.0,0.0,8.83,6.35,15.18,96524.09,1.04
Soyabean,belgaum,Sankeshwar,2025,3,42.0,4000,4200,4100.0,0.06,0.0,8.83,8.89,96524.09,1.04
Soyabean,belgaum,Sankeshwar,2025,4,46.0,0,0,4040.0,4.17,0.06,0.0,4.23,96524.09,1.04
Soyabean,belgaum,Sankeshwar,2025,5,71.0,0,0,4100.0,35.28,4.17,0.06,39.510000000000005,96524.09,1.04
Soyabean,belgaum,Soundati,2018,10,5.0,3500,4000,3667.0,126.24,223.24,448.42,797.9000000000001,72014.0,1.26
Soyabean,belgaum,Soundati,2018,11,17.0,3285,3315,3298.0,51.47,126.24,223.24,400.95,72014.0,1.26
Soyabean,belgaum,Soundati,2018,12,10.0,3235,3285,3250.0,16.11,51.47,126.24,193.82,72014.0,1.26
Soyabean,belgaum,Soundati,2019,2,21.0,3550,3675,3575.0,0.0,3.46,16.11,19.57,83238.0,1.0
Soyabean,belgaum,Soundati,2020,9,21.0,3500,3500,3500.0,618.2,508.03,407.91,1534.14,84751.0,1.03
Soyabean,belgaum,Soundati,2020,10,56.0,3200,3500,3500.0,375.14,618.2,508.03,1501.37,84751.0,1.03
Soyabean,belgaum,Soundati,2020,12,25.0,4100,4100,4100.0,0.3,252.1,375.14,627.54,84751.0,1.03
Soyabean,belgaum,Soundati,2022,6,32.0,6200,6260,6260.0,68.26,50.03,12.39,130.68,96859.0,1.01
Soyabean,belgaum,Soundati,2022,8,39.0,6000,6400,6000.0,509.97,257.24,68.26,835.47,96859.0,1.01
Soyabean,belgaum,Soundati,2024,3,83.0,4220,5400,4220.0,0.0,3.1,0.82,3.92,95568.41,1.03
Soyabean,belgaum,Soundati,2024,8,29.0,4100,4530,4100.0,937.57,368.08,76.21,1381.86,95568.41,1.03
Soyabean,belgaum,Soundati,2024,9,65.0,4300,4500,4300.0,364.65,937.57,368.08,1670.3,95568.41,1.03
Soyabean,belgaum,Soundati,2024,10,106.0,3700,4250,4000.0,291.38,364.65,937.57,1593.6,95568.41,1.03
Soyabean,belgaum,Soundati,2024,11,100.0,4100,4250,4100.0,325.1,291.38,364.65,981.13,95568.41,1.03
Soyabean,bidar,Aurad,2020,4,2.0,3600,3730,3600.0,14.26,1.01,8.6,23.87,174816.0,1.33
Soyabean,bidar,Aurad,2020,5,1.0,3750,3750,3750.0,12.34,14.26,1.01,27.610000000000003,174816.0,1.33
Soyabean,bidar,Aurad,2020,9,1.0,3590,3590,3590.0,217.39,223.42,167.17,607.9799999999999,174816.0,1.33
Soyabean,bidar,Aurad,2020,10,57.0,2702,4200,3200.0,244.51,217.39,223.42,685.3199999999999,174816.0,1.33
Soyabean,bidar,Basava Kalayana,2018,6,21.0,2700,3400,3200.0,29.11,21.43,0.33,50.87,125173.0,0.82
Soyabean,bidar,Basava Kalayana,2018,7,43.0,2800,3600,3300.0,103.46,29.11,21.43,154.0,125173.0,0.82
Soyabean,bidar,Basava Kalayana,2018,8,22.0,2500,3550,3300.0,94.64,103.46,29.11,227.21,125173.0,0.82
Soyabean,bidar,Basava Kalayana,2018,9,108.0,2700,3450,3200.0,183.33,94.64,103.46,381.43,125173.0,0.82
Soyabean,bidar,Basava Kalayana,2019,8,1.0,3650,3740,3700.0,154.07,66.89,7.54,228.5,194801.0,1.18
Soyabean,bidar,Basava Kalayana,2019,9,12.0,3400,3941,3900.0,162.8,154.07,66.89,383.76,194801.0,1.18
Soyabean,bidar,Basava Kalayana,2019,10,1270.0,2500,3850,3300.0,198.39,162.8,154.07,515.26,194801.0,1.18
Soyabean,bidar,Basava Kalayana,2019,11,2251.0,2600,3800,3400.0,116.99,198.39,162.8,478.18,194801.0,1.18
Soyabean,bidar,Basava Kalayana,2019,12,1044.0,2900,4400,3800.0,3.88,116.99,198.39,319.26,194801.0,1.18
Soyabean,bidar,Basava Kalayana,2020,1,669.0,3300,4500,3800.0,1.69,3.88,116.99,122.56,174816.0,1.33
Soyabean,bidar,Basava Kalayana,2020,2,290.0,3000,4066,3700.0,8.6,1.69,3.88,14.169999999999998,174816.0,1.33
Soyabean,bidar,Basava Kalayana,2020,3,62.0,3000,3800,3650.0,1.01,8.6,1.69,11.3,174816.0,1.33
Soyabean,bidar,Basava Kalayana,2020,4,53.0,3500,37770,3600.0,14.26,1.01,8.6,23.87,174816.0,1.33
Soyabean,bidar,Basava Kalayana,2020,5,178.0,3400,3781,3600.0,12.34,14.26,1.01,27.610000000000003,174816.0,1.33
Soyabean,bidar,Basava Kalayana,2020,6,321.0,3300,3800,3700.0,39.4,12.34,14.26,66.0,174816.0,1.33
Soyabean,bidar,Basava Kalayana,2020,7,161.0,3300,3765,3700.0,167.17,39.4,12.34,218.91,174816.0,1.33
Soyabean,bidar,Basava Kalayana,2020,8,198.0,3300,3950,3650.0,223.42,167.17,39.4,429.99,174816.0,1.33
Soyabean,bidar,Basava Kalayana,2020,9,282.0,2100,3920,3800.0,217.39,223.42,167.17,607.9799999999999,174816.0,1.33
Soyabean,bidar,Basava Kalayana,2020,10,1737.0,2200,4150,3300.0,244.51,217.39,223.42,685.3199999999999,174816.0,1.33
Soyabean,bidar,Basava Kalayana,2020,11,1934.0,2700,4320,4000.0,144.24,244.51,217.39,606.14,174816.0,1.33
Soyabean,bidar,Basava Kalayana,2020,12,369.0,3200,4300,4000.0,2.38,144.24,244.51,391.13,174816.0,1.33
Soyabean,bidar,Basava Kalayana,2021,1,278.0,3500,4420,4200.0,0.0,2.38,144.24,146.62,203783.0,1.34
Soyabean,bidar,Basava Kalayana,2021,2,192.0,3450,5181,4200.0,1.25,0.0,2.38,3.63,203783.0,1.34
Soyabean,bidar,Basava Kalayana,2021,3,88.0,3100,5940,4900.0,1.09,1.25,0.0,2.34,203783.0,1.34
Soyabean,bidar,Basava Kalayana,2021,4,42.0,5000,8030,6400.0,0.08,1.09,1.25,2.42,203783.0,1.34
Soyabean,bidar,Basava Kalayana,2021,6,9.0,6900,7407,7200.0,50.22,19.87,0.08,70.17,203783.0,1.34
Soyabean,bidar,Basava Kalayana,2021,7,23.0,6500,9701,7200.0,160.47,50.22,19.87,230.56,203783.0,1.34
Soyabean,bidar,Basava Kalayana,2021,8,13.0,6200,10011,7050.0,344.38,160.47,50.22,555.07,203783.0,1.34
Soyabean,bidar,Basava Kalayana,2021,9,273.0,3100,9300,5600.0,119.95,344.38,160.47,624.8,203783.0,1.34
Soyabean,bidar,Basava Kalayana,2021,10,1503.0,3200,6000,4800.0,316.38,119.95,344.38,780.71,203783.0,1.34
Soyabean,bidar,Basava Kalayana,2021,11,1649.0,4400,7000,6650.0,65.97,316.38,119.95,502.3,203783.0,1.34
Soyabean,bidar,Basava Kalayana,2021,12,788.0,5100,7000,6400.0,15.67,65.97,316.38,398.02,203783.0,1.34
Soyabean,bidar,Basava Kalayana,2022,1,622.0,5300,6481,6100.0,0.14,15.67,65.97,81.78,248597.0,1.34
Soyabean,bidar,Basava Kalayana,2022,2,810.0,5300,7720,6400.0,13.28,0.14,15.67,29.09,248597.0,1.34
Soyabean,bidar,Basava Kalayana,2022,3,600.0,5900,7800,7200.0,0.16,13.28,0.14,13.58,248597.0,1.34
Soyabean,bidar,Basava Kalayana,2022,4,276.0,5900,7600,7300.0,0.46,0.16,13.28,13.9,248597.0,1.34
Soyabean,bidar,Basava Kalayana,2022,5,55.0,5800,7161,6800.0,3.46,0.46,0.16,4.08,248597.0,1.34
Soyabean,bidar,Basava Kalayana,2022,6,27.0,6000,7000,6500.0,36.76,3.46,0.46,40.68,248597.0,1.34
Soyabean,bidar,Basava Kalayana,2022,7,3.0,5500,6411,6100.0,77.23,36.76,3.46,117.45,248597.0,1.34
Soyabean,bidar,Basava Kalayana,2022,9,3.0,5270,5460,5300.0,114.08,503.03,77.23,694.34,248597.0,1.34
Soyabean,bidar,Basava Kalayana,2022,10,9.0,4400,5200,5000.0,196.81,114.08,503.03,813.92,248597.0,1.34
Soyabean,bidar,Basava Kalayana,2022,11,28.0,4101,6050,5600.0,87.34,196.81,114.08,398.23,248597.0,1.34
Soyabean,bidar,Basava Kalayana,2022,12,10.0,5100,5699,5500.0,0.07,87.34,196.81,284.22,248597.0,1.34
Soyabean,bidar,Basava Kalayana,2023,1,17.0,4800,8250,5500.0,1.95,0.07,87.34,89.36,211155.99,1.35
Soyabean,bidar,Basava Kalayana,2023,2,1.0,5200,5410,5350.0,0.0,1.95,0.07,2.02,211155.99,1.35
Soyabean,bidar,Basava Kalayana,2023,3,9.0,5100,5362,5200.0,0.0,0.0,1.95,1.95,211155.99,1.35
Soyabean,bidar,Basava Kalayana,2023,4,5.0,4800,5340,5050.0,43.6,0.0,0.0,43.6,211155.99,1.35
Soyabean,bidar,Basava Kalayana,2023,5,2.0,4900,5298,5100.0,77.7,43.6,0.0,121.3,211155.99,1.35
Soyabean,bidar,Basava Kalayana,2023,6,1.0,5000,5100,5000.0,57.0,77.7,43.6,178.29999999999998,211155.99,1.35
Soyabean,bidar,Basava Kalayana,2023,11,5.0,5100,5300,5250.0,5.99,227.29,41.5,274.78,211155.99,1.35
Soyabean,bidar,Basava Kalayana,2023,12,7.0,4700,4909,4800.0,35.16,5.99,227.29,268.44,211155.99,1.35
Soyabean,bidar,Basava Kalayana,2024,10,31.0,3400,4250,3400.0,274.24,203.29,197.08,674.61,213267.55,1.36
Soyabean,bidar,Basava Kalayana,2024,11,237.0,3400,4321,3800.0,65.42,274.24,203.29,542.95,213267.55,1.36
Soyabean,bidar,Basava Kalayana,2024,12,20.0,3300,4051,3800.0,1.61,65.42,274.24,341.27,213267.55,1.36
Soyabean,bidar,Bhalki,2018,6,43.0,2900,3300,3000.0,29.11,21.43,0.33,50.87,125173.0,0.82
Soyabean,bidar,Bhalki,2018,7,130.0,2450,3501,2475.0,103.46,29.11,21.43,154.0,125173.0,0.82
Soyabean,bidar,Bhalki,2018,8,18.0,3200,3450,3400.0,94.64,103.46,29.11,227.21,125173.0,0.82
Soyabean,bidar,Bhalki,2018,9,397.0,2600,3350,2850.0,183.33,94.64,103.46,381.43,125173.0,0.82
Soyabean,bidar,Bhalki,2018,10,3250.0,2500,3275,3150.0,60.64,183.33,94.64,338.61,125173.0,0.82
Soyabean,bidar,Bhalki,2018,11,934.0,3000,3411,3330.0,18.51,60.64,183.33,262.48,125173.0,0.82
Soyabean,bidar,Bhalki,2018,12,1016.0,3000,3430,3300.0,0.2,18.51,60.64,79.35,125173.0,0.82
Soyabean,bidar,Bhalki,2019,1,1908.0,2500,3780,3077.0,11.74,0.2,18.51,30.450000000000003,194801.0,1.18
Soyabean,bidar,Bhalki,2019,2,366.0,3600,3760,3650.0,11.28,11.74,0.2,23.22,194801.0,1.18
Soyabean,bidar,Bhalki,2019,3,230.0,3100,3705,3665.0,0.54,11.28,11.74,23.56,194801.0,1.18
Soyabean,bidar,Bhalki,2019,4,228.0,3650,3790,3700.0,3.86,0.54,11.28,15.68,194801.0,1.18
Soyabean,bidar,Bhalki,2019,5,143.0,3600,3690,3625.0,9.03,3.86,0.54,13.43,194801.0,1.18
Soyabean,bidar,Bhalki,2019,6,25.0,3611,3675,3622.0,7.54,9.03,3.86,20.43,194801.0,1.18
Soyabean,bidar,Bhalki,2019,7,21.0,3500,3635,3534.0,66.89,7.54,9.03,83.46000000000001,194801.0,1.18
Soyabean,bidar,Bhalki,2019,8,101.0,3620,3720,3680.0,154.07,66.89,7.54,228.5,194801.0,1.18
Soyabean,bidar,Bhalki,2019,9,186.0,2900,3990,3300.0,162.8,154.07,66.89,383.76,194801.0,1.18
Soyabean,bidar,Bhalki,2019,10,1060.0,2550,3750,3030.0,198.39,162.8,154.07,515.26,194801.0,1.18
Soyabean,bidar,Bhalki,2019,11,2602.0,2111,3750,3013.0,116.99,198.39,162.8,478.18,194801.0,1.18
Soyabean,bidar,Bhalki,2019,12,3698.0,2300,4255,3484.0,3.88,116.99,198.39,319.26,194801.0,1.18
Soyabean,bidar,Bhalki,2020,1,1403.0,3150,4250,3775.0,1.69,3.88,116.99,122.56,174816.0,1.33
Soyabean,bidar,Bhalki,2020,2,274.0,3525,3950,3745.0,8.6,1.69,3.88,14.169999999999998,174816.0,1.33
Soyabean,bidar,Bhalki,2020,3,205.0,3500,3730,3607.0,1.01,8.6,1.69,11.3,174816.0,1.33
Soyabean,bidar,Bhalki,2020,4,237.0,3300,3850,3850.0,14.26,1.01,8.6,23.87,174816.0,1.33
Soyabean,bidar,Bhalki,2020,5,569.0,3111,3737,3575.5,12.34,14.26,1.01,27.610000000000003,174816.0,1.33
Soyabean,bidar,Bhalki,2020,6,1227.0,3290,3731,3386.0,39.4,12.34,14.26,66.0,174816.0,1.33
Soyabean,bidar,Bhalki,2020,7,549.0,3311,3690,3616.0,167.17,39.4,12.34,218.91,174816.0,1.33
Soyabean,bidar,Bhalki,2020,8,1053.0,2951,3740,3457.0,223.42,167.17,39.4,429.99,174816.0,1.33
Soyabean,bidar,Bhalki,2020,9,1170.0,3100,5100,3300.0,217.39,223.42,167.17,607.9799999999999,174816.0,1.33
Soyabean,bidar,Bhalki,2020,10,2457.0,2200,4000,3631.0,244.51,217.39,223.42,685.3199999999999,174816.0,1.33
Soyabean,bidar,Bhalki,2020,11,4759.0,2300,5800,3662.0,144.24,244.51,217.39,606.14,174816.0,1.33
Soyabean,bidar,Bhalki,2020,12,2647.0,2500,4205,3750.0,2.38,144.24,244.51,391.13,174816.0,1.33
Soyabean,bidar,Bhalki,2021,1,1692.0,3400,6015,3998.0,0.0,2.38,144.24,146.62,203783.0,1.34
Soyabean,bidar,Bhalki,2021,2,975.0,3600,4950,4148.0,1.25,0.0,2.38,3.63,203783.0,1.34
Soyabean,bidar,Bhalki,2021,3,314.0,4290,5550,4290.0,1.09,1.25,0.0,2.34,203783.0,1.34
Soyabean,bidar,Bhalki,2021,4,194.0,4117,6500,4692.0,0.08,1.09,1.25,2.42,203783.0,1.34
Soyabean,bidar,Bhalki,2021,5,39.0,6350,7000,6364.0,19.87,0.08,1.09,21.04,203783.0,1.34
Soyabean,bidar,Bhalki,2021,6,1.0,6600,6800,6667.0,50.22,19.87,0.08,70.17,203783.0,1.34
Soyabean,bidar,Bhalki,2021,7,3.0,6451,6451,6451.0,160.47,50.22,19.87,230.56,203783.0,1.34
Soyabean,bidar,Bhalki,2021,9,94.0,4000,6151,5089.0,119.95,344.38,160.47,624.8,203783.0,1.34
Soyabean,bidar,Bhalki,2021,10,1940.0,3500,6400,4683.0,316.38,119.95,344.38,780.71,203783.0,1.34
Soyabean,bidar,Bhalki,2021,11,3071.0,4211,6700,4926.0,65.97,316.38,119.95,502.3,203783.0,1.34
Soyabean,bidar,Bhalki,2021,12,993.0,4700,6800,5802.0,15.67,65.97,316.38,398.02,203783.0,1.34
Soyabean,bidar,Bhalki,2022,1,909.0,5500,6360,5916.0,0.14,15.67,65.97,81.78,248597.0,1.34
Soyabean,bidar,Bhalki,2022,2,1123.0,5700,7450,6200.0,13.28,0.14,15.67,29.09,248597.0,1.34
Soyabean,bidar,Bhalki,2022,3,711.0,6110,7450,6535.0,0.16,13.28,0.14,13.58,248597.0,1.34
Soyabean,bidar,Bhalki,2022,4,897.0,715,7400,6918.0,0.46,0.16,13.28,13.9,248597.0,1.34
Soyabean,bidar,Bhalki,2022,5,142.0,4350,7340,6344.0,3.46,0.46,0.16,4.08,248597.0,1.34
Soyabean,bidar,Bhalki,2022,6,93.0,6000,6901,6159.0,36.76,3.46,0.46,40.68,248597.0,1.34
Soyabean,bidar,Bhalki,2022,7,9.0,6000,6205,6201.0,77.23,36.76,3.46,117.45,248597.0,1.34
Soyabean,bidar,Bhalki,2022,8,125.0,6000,6150,6101.0,503.03,77.23,36.76,617.02,248597.0,1.34
Soyabean,bidar,Bhalki,2022,9,33.0,4500,5200,4500.0,114.08,503.03,77.23,694.34,248597.0,1.34
Soyabean,bidar,Bhalki,2022,10,514.0,4000,6300,4920.0,196.81,114.08,503.03,813.92,248597.0,1.34
Soyabean,bidar,Bhalki,2022,11,1923.0,4100,5911,4932.0,87.34,196.81,114.08,398.23,248597.0,1.34
Soyabean,bidar,Bhalki,2022,12,1291.0,4500,5800,5430.0,0.07,87.34,196.81,284.22,248597.0,1.34
Soyabean,bidar,Bhalki,2023,1,1714.0,4800,5511,5168.0,1.95,0.07,87.34,89.36,211155.99,1.35
Soyabean,bidar,Bhalki,2023,2,810.0,4999,5450,5242.0,0.0,1.95,0.07,2.02,211155.99,1.35
Soyabean,bidar,Bhalki,2023,3,712.0,4700,5387,5053.0,0.0,0.0,1.95,1.95,211155.99,1.35
Soyabean,bidar,Bhalki,2023,4,86.0,4995,5180,5050.0,43.6,0.0,0.0,43.6,211155.99,1.35
Soyabean,bidar,Bhalki,2023,9,179.0,3500,5005,4756.0,41.5,420.05,56.23,517.78,211155.99,1.35
Soyabean,bidar,Bhalki,2024,9,120.0,3600,4500,3800.0,203.29,197.08,139.18,539.55,213267.55,1.36
Soyabean,bidar,Bhalki,2024,10,550.0,3000,4353,3716.0,274.24,203.29,197.08,674.61,213267.55,1.36
Soyabean,bidar,Bidar,2018,6,87.0,3050,3420,3300.0,29.11,21.43,0.33,50.87,125173.0,0.82
Soyabean,bidar,Bidar,2018,7,174.0,3100,3526,3400.0,103.46,29.11,21.43,154.0,125173.0,0.82
Soyabean,bidar,Bidar,2018,8,96.0,3040,3405,3260.0,94.64,103.46,29.11,227.21,125173.0,0.82
Soyabean,bidar,Bidar,2018,9,1904.0,2500,3324,2850.0,183.33,94.64,103.46,381.43,125173.0,0.82
Soyabean,bidar,Bidar,2018,10,8957.0,2450,3300,3000.0,60.64,183.33,94.64,338.61,125173.0,0.82
Soyabean,bidar,Bidar,2018,11,3171.0,3080,3440,3350.0,18.51,60.64,183.33,262.48,125173.0,0.82
Soyabean,bidar,Bidar,2018,12,2405.0,3200,3376,3280.0,0.2,18.51,60.64,79.35,125173.0,0.82
Soyabean,bidar,Bidar,2019,1,2202.0,3331,3801,3380.0,11.74,0.2,18.51,30.450000000000003,194801.0,1.18
Soyabean,bidar,Bidar,2019,2,1012.0,3500,3705,3670.0,11.28,11.74,0.2,23.22,194801.0,1.18
Soyabean,bidar,Bidar,2019,3,611.0,3285,3675,3575.0,0.54,11.28,11.74,23.56,194801.0,1.18
Soyabean,bidar,Bidar,2019,4,898.0,3520,3735,3600.0,3.86,0.54,11.28,15.68,194801.0,1.18
Soyabean,bidar,Bidar,2019,5,399.0,3410,3709,3650.0,9.03,3.86,0.54,13.43,194801.0,1.18
Soyabean,bidar,Bidar,2019,6,499.0,3300,4995,3600.0,7.54,9.03,3.86,20.43,194801.0,1.18
Soyabean,bidar,Bidar,2019,7,174.0,3470,3650,3560.0,66.89,7.54,9.03,83.46000000000001,194801.0,1.18
Soyabean,bidar,Bidar,2019,8,353.0,3501,3675,3590.0,154.07,66.89,7.54,228.5,194801.0,1.18
Soyabean,bidar,Bidar,2019,9,205.0,2950,3922,3775.0,162.8,154.07,66.89,383.76,194801.0,1.18
Soyabean,bidar,Bidar,2019,10,6958.0,2060,3780,2800.0,198.39,162.8,154.07,515.26,194801.0,1.18
Soyabean,bidar,Bidar,2019,11,9620.0,2000,3785,3100.0,116.99,198.39,162.8,478.18,194801.0,1.18
Soyabean,bidar,Bidar,2019,12,9135.0,380,4315,3900.0,3.88,116.99,198.39,319.26,194801.0,1.18
Soyabean,bidar,Bidar,2020,1,3304.0,3561,4500,4000.0,1.69,3.88,116.99,122.56,174816.0,1.33
Soyabean,bidar,Bidar,2020,2,691.0,3200,4060,3900.0,8.6,1.69,3.88,14.169999999999998,174816.0,1.33
Soyabean,bidar,Bidar,2020,3,132.0,3100,3750,3500.0,1.01,8.6,1.69,11.3,174816.0,1.33
Soyabean,bidar,Bidar,2020,4,79.0,3500,3800,3700.0,14.26,1.01,8.6,23.87,174816.0,1.33
Soyabean,bidar,Bidar,2020,5,357.0,3250,3721,3650.0,12.34,14.26,1.01,27.610000000000003,174816.0,1.33
Soyabean,bidar,Bidar,2020,6,1017.0,3300,4469,3600.0,39.4,12.34,14.26,66.0,174816.0,1.33
Soyabean,bidar,Bidar,2020,7,519.0,3350,3685,3550.0,167.17,39.4,12.34,218.91,174816.0,1.33
Soyabean,bidar,Bidar,2020,8,610.0,3350,3863,3550.0,223.42,167.17,39.4,429.99,174816.0,1.33
Soyabean,bidar,Bidar,2020,9,1069.0,2300,3800,3600.0,217.39,223.42,167.17,607.9799999999999,174816.0,1.33
Soyabean,bidar,Bidar,2020,10,10533.0,2500,4050,3600.0,244.51,217.39,223.42,685.3199999999999,174816.0,1.33
Soyabean,bidar,Bidar,2020,11,6455.0,3100,4290,3650.0,144.24,244.51,217.39,606.14,174816.0,1.33
Soyabean,bidar,Bidar,2020,12,4893.0,3550,4215,3850.0,2.38,144.24,244.51,391.13,174816.0,1.33
Soyabean,bidar,Bidar,2021,1,2476.0,3700,4461,4000.0,0.0,2.38,144.24,146.62,203783.0,1.34
Soyabean,bidar,Bidar,2021,2,981.0,3950,4900,4500.0,1.25,0.0,2.38,3.63,203783.0,1.34
Soyabean,bidar,Bidar,2021,3,238.0,4400,5780,4700.0,1.09,1.25,0.0,2.34,203783.0,1.34
Soyabean,bidar,Bidar,2021,4,134.0,4850,8026,6500.0,0.08,1.09,1.25,2.42,203783.0,1.34
Soyabean,bidar,Bidar,2021,5,49.0,5200,7621,6200.0,19.87,0.08,1.09,21.04,203783.0,1.34
Soyabean,bidar,Bidar,2021,6,127.0,5000,7176,6200.0,50.22,19.87,0.08,70.17,203783.0,1.34
Soyabean,bidar,Bidar,2021,7,90.0,5800,9750,7000.0,160.47,50.22,19.87,230.56,203783.0,1.34
Soyabean,bidar,Bidar,2021,8,30.0,6500,9600,9000.0,344.38,160.47,50.22,555.07,203783.0,1.34
Soyabean,bidar,Bidar,2021,9,1656.0,3850,8900,5300.0,119.95,344.38,160.47,624.8,203783.0,1.34
Soyabean,bidar,Bidar,2021,10,7418.0,3850,5890,4900.0,316.38,119.95,344.38,780.71,203783.0,1.34
Soyabean,bidar,Bidar,2021,11,8120.0,4100,6786,5500.0,65.97,316.38,119.95,502.3,203783.0,1.34
Soyabean,bidar,Bidar,2021,12,3490.0,5705,6820,6100.0,15.67,65.97,316.38,398.02,203783.0,1.34
Soyabean,bidar,Bidar,2022,1,4085.0,3850,6406,6100.0,0.14,15.67,65.97,81.78,248597.0,1.34
Soyabean,bidar,Bidar,2022,2,4940.0,5750,7560,6300.0,13.28,0.14,15.67,29.09,248597.0,1.34
Soyabean,bidar,Bidar,2022,3,1826.0,6800,7520,7150.0,0.16,13.28,0.14,13.58,248597.0,1.34
Soyabean,bidar,Bidar,2022,4,2228.0,6550,7452,7200.0,0.46,0.16,13.28,13.9,248597.0,1.34
Soyabean,bidar,Bidar,2022,5,595.0,6250,7135,6400.0,3.46,0.46,0.16,4.08,248597.0,1.34
Soyabean,bidar,Bidar,2022,6,1076.0,5700,6900,6400.0,36.76,3.46,0.46,40.68,248597.0,1.34
Soyabean,bidar,Bidar,2022,7,738.0,5125,6380,6100.0,77.23,36.76,3.46,117.45,248597.0,1.34
Soyabean,bidar,Bidar,2022,8,1009.0,5200,6371,6150.0,503.03,77.23,36.76,617.02,248597.0,1.34
Soyabean,bidar,Bidar,2022,9,927.0,4020,5426,5200.0,114.08,503.03,77.23,694.34,248597.0,1.34
Soyabean,bidar,Bidar,2022,10,5905.0,3795,5211,4450.0,196.81,114.08,503.03,813.92,248597.0,1.34
Soyabean,bidar,Bidar,2022,11,6660.0,4250,6101,5300.0,87.34,196.81,114.08,398.23,248597.0,1.34
Soyabean,bidar,Bidar,2022,12,5105.0,4850,5615,5300.0,0.07,87.34,196.81,284.22,248597.0,1.34
Soyabean,bidar,Bidar,2023,1,5040.0,4800,8550,5300.0,1.95,0.07,87.34,89.36,211155.99,1.35
Soyabean,bidar,Bidar,2023,2,2960.0,4750,5450,5200.0,0.0,1.95,0.07,2.02,211155.99,1.35
Soyabean,bidar,Bidar,2023,3,1633.0,4250,5250,5000.0,0.0,0.0,1.95,1.95,211155.99,1.35
Soyabean,bidar,Bidar,2023,4,1920.0,4500,5361,5000.0,43.6,0.0,0.0,43.6,211155.99,1.35
Soyabean,bidar,Bidar,2023,5,2035.0,4200,6000,5000.0,77.7,43.6,0.0,121.3,211155.99,1.35
Soyabean,bidar,Bidar,2023,6,1356.0,4650,5140,4900.0,57.0,77.7,43.6,178.29999999999998,211155.99,1.35
Soyabean,bidar,Bidar,2023,7,1227.0,4401,5102,4700.0,56.23,57.0,77.7,190.93,211155.99,1.35
Soyabean,bidar,Bidar,2023,8,910.0,4411,5100,4800.0,420.05,56.23,57.0,533.28,211155.99,1.35
Soyabean,bidar,Bidar,2023,9,1239.0,2500,5000,4900.0,41.5,420.05,56.23,517.78,211155.99,1.35
Soyabean,bidar,Bidar,2023,10,5070.0,2001,4953,4293.0,227.29,41.5,420.05,688.8399999999999,211155.99,1.35
Soyabean,bidar,Bidar,2023,11,5419.0,3666,5275,4858.5,5.99,227.29,41.5,274.78,211155.99,1.35
Soyabean,bidar,Bidar,2023,12,6485.0,3222,5079,4250.0,35.16,5.99,227.29,268.44,211155.99,1.35
Soyabean,bidar,Bidar,2024,1,3545.0,3555,4741,4596.0,1.41,35.16,5.99,42.56,213267.55,1.36
Soyabean,bidar,Bidar,2024,2,2986.0,3809,4692,4466.0,0.0,1.41,35.16,36.56999999999999,213267.55,1.36
Soyabean,bidar,Bidar,2024,3,2809.0,3033,4600,4423.0,0.0,0.0,1.41,1.41,213267.55,1.36
Soyabean,bidar,Bidar,2024,4,1085.0,3606,4716,4552.0,15.3,0.0,0.0,15.3,213267.55,1.36
Soyabean,bidar,Bidar,2024,5,1740.0,441,4877,4529.0,12.76,15.3,0.0,28.06,213267.55,1.36
Soyabean,bidar,Bidar,2024,6,2355.0,3529,9238,4442.0,66.17,12.76,15.3,94.23,213267.55,1.36
Soyabean,bidar,Bidar,2024,7,2890.0,2999,4625,4454.0,139.18,66.17,12.76,218.11,213267.55,1.36
Soyabean,bidar,Bidar,2024,8,1091.0,2805,4395,4324.0,197.08,139.18,66.17,402.43,213267.55,1.36
Soyabean,bidar,Bidar,2024,9,2693.0,1777,4700,3555.0,203.29,197.08,139.18,539.55,213267.55,1.36
Soyabean,bidar,Bidar,2024,10,13229.0,1500,4591,4196.0,274.24,203.29,197.08,674.61,213267.55,1.36
Soyabean,bidar,Bidar,2024,11,4092.0,2000,5232,3918.0,65.42,274.24,203.29,542.95,213267.55,1.36
Soyabean,bidar,Bidar,2024,12,4775.0,2525,4444,3812.0,1.61,65.42,274.24,341.27,213267.55,1.36
Soyabean,bidar,Bidar,2025,1,2082.0,2200,4275,3915.0,7.2,1.61,65.42,74.23,215400.22,1.38
Soyabean,bidar,Bidar,2025,2,1690.0,2888,4111,3996.0,0.0,7.2,1.61,8.81,215400.22,1.38
Soyabean,bidar,Humanabad,2018,9,190.0,2000,3210,3000.0,183.33,94.64,103.46,381.43,125173.0,0.82
Soyabean,bidar,Humanabad,2018,10,206.0,2000,3500,3000.0,60.64,183.33,94.64,338.61,125173.0,0.82
Soyabean,bidar,Humanabad,2018,11,10.0,2500,3300,3000.0,18.51,60.64,183.33,262.48,125173.0,0.82
Soyabean,bidar,Humanabad,2024,9,16.0,2500,4400,3800.0,203.29,197.08,139.18,539.55,213267.55,1.36
Soyabean,bidar,Humanabad,2024,10,15.0,2500,3800,3000.0,274.24,203.29,197.08,674.61,213267.55,1.36
Soyabean,dharwad,Dharwar,2018,6,201.0,352,3558,2848.0,120.33,25.65,12.46,158.44,34554.0,0.79
Soyabean,dharwad,Dharwar,2018,7,319.0,1900,3800,1900.0,239.16,120.33,25.65,385.14,34554.0,0.79
Soyabean,dharwad,Dharwar,2018,8,374.0,2396,3588,3300.0,194.14,239.16,120.33,553.63,34554.0,0.79
Soyabean,dharwad,Dharwar,2018,9,389.0,2812,3600,3600.0,115.31,194.14,239.16,548.61,34554.0,0.79
Soyabean,dharwad,Dharwar,2018,10,768.0,2400,3212,2800.0,118.36,115.31,194.14,427.81,34554.0,0.79
Soyabean,dharwad,Dharwar,2018,11,288.0,2845,3462,3047.0,42.58,118.36,115.31,276.25,34554.0,0.79
Soyabean,dharwad,Dharwar,2018,12,1070.0,2700,3832,3300.0,6.23,42.58,118.36,167.17000000000002,34554.0,0.79
Soyabean,dharwad,Dharwar,2019,1,964.0,2970,3772,3300.0,3.14,6.23,42.58,51.95,32399.0,1.02
Soyabean,dharwad,Dharwar,2019,2,1020.0,346,3750,3577.0,0.0,3.14,6.23,9.37,32399.0,1.02
Soyabean,dharwad,Dharwar,2019,3,968.0,2950,3730,3500.0,0.03,0.0,3.14,3.17,32399.0,1.02
Soyabean,dharwad,Dharwar,2019,4,857.0,3200,3812,3600.0,6.82,0.03,0.0,6.8500000000000005,32399.0,1.02
Soyabean,dharwad,Dharwar,2019,5,1053.0,3200,3791,3509.0,30.35,6.82,0.03,37.2,32399.0,1.02
Soyabean,dharwad,Dharwar,2019,6,472.0,3388,3800,3800.0,17.97,30.35,6.82,55.14,32399.0,1.02
Soyabean,dharwad,Dharwar,2019,7,166.0,3286,3721,3453.0,150.14,17.97,30.35,198.46,32399.0,1.02
Soyabean,dharwad,Dharwar,2019,8,1554.0,3050,36500,3373.0,257.39,150.14,17.97,425.5,32399.0,1.02
Soyabean,dharwad,Dharwar,2019,9,807.0,3310,4000,3310.0,456.49,257.39,150.14,864.02,32399.0,1.02
Soyabean,dharwad,Dharwar,2019,10,205.0,3093,3855,3259.0,190.66,456.49,257.39,904.54,32399.0,1.02
Soyabean,dharwad,Dharwar,2019,11,226.0,1950,3769,2455.0,286.03,190.66,456.49,933.18,32399.0,1.02
Soyabean,dharwad,Dharwar,2019,12,559.0,2800,4247,2800.0,23.85,286.03,190.66,500.54,32399.0,1.02
Soyabean,dharwad,Dharwar,2020,1,563.0,2995,4310,3870.0,2.69,23.85,286.03,312.57,30001.0,1.08
Soyabean,dharwad,Dharwar,2020,2,125.0,1680,4080,3300.0,1.27,2.69,23.85,27.81,30001.0,1.08
Soyabean,dharwad,Dharwar,2020,3,86.0,2609,3900,3039.0,0.0,1.27,2.69,3.96,30001.0,1.08
Soyabean,dharwad,Dharwar,2020,4,245.0,334,3985,3560.0,11.04,0.0,1.27,12.31,30001.0,1.08
Soyabean,dharwad,Dharwar,2020,5,226.0,3340,3930,3550.0,70.46,11.04,0.0,81.5,30001.0,1.08
Soyabean,dharwad,Dharwar,2020,6,510.0,2780,4000,3717.0,55.48,70.46,11.04,136.98,30001.0,1.08
Soyabean,dharwad,Dharwar,2020,7,697.0,334,4000,3600.0,209.26,55.48,70.46,335.2,30001.0,1.08
Soyabean,dharwad,Dharwar,2020,8,516.0,3173,3993,3500.0,361.31,209.26,55.48,626.05,30001.0,1.08
Soyabean,dharwad,Dharwar,2020,9,560.0,3201,4000,3510.0,343.15,361.31,209.26,913.72,30001.0,1.08
Soyabean,dharwad,Dharwar,2020,10,534.0,2463,4000,3650.0,286.66,343.15,361.31,991.12,30001.0,1.08
Soyabean,dharwad,Dharwar,2020,11,965.0,2050,4265,2050.0,204.92,286.66,343.15,834.73,30001.0,1.08
Soyabean,dharwad,Dharwar,2020,12,1217.0,3117,4391,4150.0,1.46,204.92,286.66,493.04,30001.0,1.08
Soyabean,dharwad,Dharwar,2021,1,352.0,3350,4467,3350.0,1.96,1.46,204.92,208.34,39900.0,0.68
Soyabean,dharwad,Dharwar,2021,2,214.0,3900,4850,4500.0,11.71,1.96,1.46,15.130000000000004,39900.0,0.68
Soyabean,dharwad,Dharwar,2021,3,582.0,1500,5700,5000.0,12.44,11.71,1.96,26.11,39900.0,0.68
Soyabean,dharwad,Dharwar,2021,4,283.0,5000,7600,5500.0,3.4,12.44,11.71,27.55,39900.0,0.68
Soyabean,dharwad,Dharwar,2021,5,69.0,6380,7400,6380.0,33.64,3.4,12.44,49.48,39900.0,0.68
Soyabean,dharwad,Dharwar,2021,6,169.0,6250,7500,6400.0,212.61,33.64,3.4,249.65,39900.0,0.68
Soyabean,dharwad,Dharwar,2021,7,60.0,6600,7700,6700.0,273.55,212.61,33.64,519.8000000000001,39900.0,0.68
Soyabean,dharwad,Dharwar,2021,8,32.0,2500,9000,2970.0,323.33,273.55,212.61,809.49,39900.0,0.68
Soyabean,dharwad,Dharwar,2021,9,95.0,5488,8253,5583.0,89.46,323.33,273.55,686.3399999999999,39900.0,0.68
Soyabean,dharwad,Dharwar,2021,10,23.0,4900,6950,5400.0,146.94,89.46,323.33,559.73,39900.0,0.68
Soyabean,dharwad,Dharwar,2021,11,147.0,4784,6600,5000.0,119.8,146.94,89.46,356.2,39900.0,0.68
Soyabean,dharwad,Dharwar,2021,12,43.0,3800,9000,3963.0,102.69,119.8,146.94,369.43,39900.0,0.68
Soyabean,dharwad,Dharwar,2022,1,156.0,5897,6450,6050.0,33.5,102.69,119.8,255.99,42623.0,0.83
Soyabean,dharwad,Dharwar,2022,2,406.0,4326,7000,6500.0,0.05,33.5,102.69,136.24,42623.0,0.83
Soyabean,dharwad,Dharwar,2022,3,49.0,2450,7500,4133.0,0.0,0.05,33.5,33.55,42623.0,0.83
Soyabean,dharwad,Dharwar,2022,4,145.0,5897,7500,7150.0,10.41,0.0,0.05,10.46,42623.0,0.83
Soyabean,dharwad,Dharwar,2022,5,95.0,6000,7100,6046.0,47.32,10.41,0.0,57.73,42623.0,0.83
Soyabean,dharwad,Dharwar,2022,6,92.0,1800,6500,4060.0,103.64,47.32,10.41,161.37,42623.0,0.83
Soyabean,dharwad,Dharwar,2022,7,8.0,6200,6600,6200.0,141.54,103.64,47.32,292.5,42623.0,0.83
Soyabean,dharwad,Dharwar,2022,8,9.0,5700,5700,5700.0,292.93,141.54,103.64,538.11,42623.0,0.83
Soyabean,dharwad,Dharwar,2022,9,12.0,5400,5400,5400.0,214.45,292.93,141.54,648.92,42623.0,0.83
Soyabean,dharwad,Dharwar,2022,10,200.0,4280,5240,4800.0,215.99,214.45,292.93,723.37,42623.0,0.83
Soyabean,dharwad,Dharwar,2022,11,224.0,4580,5847,4580.0,104.92,215.99,214.45,535.36,42623.0,0.83
Soyabean,dharwad,Dharwar,2022,12,168.0,3500,5600,4150.0,3.42,104.92,215.99,324.33000000000004,42623.0,0.83
Soyabean,dharwad,Dharwar,2023,1,139.0,5100,5499,5100.0,9.76,3.42,104.92,118.1,37883.08,0.87
Soyabean,dharwad,Dharwar,2023,2,121.0,4000,5354,5235.0,0.02,9.76,3.42,13.2,37883.08,0.87
Soyabean,dharwad,Dharwar,2023,3,246.0,2000,5475,4100.0,0.0,0.02,9.76,9.78,37883.08,0.87
Soyabean,dharwad,Dharwar,2023,4,383.0,4221,5580,4900.0,0.02,0.0,0.02,0.04,37883.08,0.87
Soyabean,dharwad,Dharwar,2023,5,356.0,4225,5515,4515.0,13.32,0.02,0.0,13.34,37883.08,0.87
Soyabean,dharwad,Dharwar,2023,6,38.0,4900,5180,4900.0,39.56,13.32,0.02,52.900000000000006,37883.08,0.87
Soyabean,dharwad,Dharwar,2023,7,42.0,4490,5110,4820.0,74.89,39.56,13.32,127.77,37883.08,0.87
Soyabean,dharwad,Dharwar,2023,9,49.0,4810,5120,4933.0,61.49,379.57,74.89,515.95,37883.08,0.87
Soyabean,dharwad,Dharwar,2023,12,13.0,4720,4720,4720.0,42.59,14.8,155.32,212.71,37883.08,0.87
Soyabean,dharwad,Dharwar,2024,7,3.0,4336,4382,4336.0,233.04,78.2,54.23,365.47,38261.91,0.88
Soyabean,dharwad,Dharwar,2024,9,4.0,3858,4339,4099.0,210.75,428.11,233.04,871.9,38261.91,0.88
Soyabean,dharwad,Dharwar,2024,10,166.0,4030,4357,4177.0,190.19,210.75,428.11,829.05,38261.91,0.88
Soyabean,dharwad,Hubli (Amaragol),2018,6,3.0,3339,3409,3369.0,120.33,25.65,12.46,158.44,34554.0,0.79
Soyabean,dharwad,Hubli (Amaragol),2018,7,35.0,1989,3724,3501.0,239.16,120.33,25.65,385.14,34554.0,0.79
Soyabean,dharwad,Hubli (Amaragol),2018,8,28.0,2709,3569,2709.0,194.14,239.16,120.33,553.63,34554.0,0.79
Soyabean,dharwad,Hubli (Amaragol),2018,9,398.0,1509,3569,2669.0,115.31,194.14,239.16,548.61,34554.0,0.79
Soyabean,dharwad,Hubli (Amaragol),2018,10,650.0,1409,3289,2509.0,118.36,115.31,194.14,427.81,34554.0,0.79
Soyabean,dharwad,Hubli (Amaragol),2018,11,293.0,2109,3421,3209.0,42.58,118.36,115.31,276.25,34554.0,0.79
Soyabean,dharwad,Hubli (Amaragol),2018,12,449.0,1500,3411,3209.0,6.23,42.58,118.36,167.17000000000002,34554.0,0.79
Soyabean,dharwad,Hubli (Amaragol),2019,1,433.0,1709,3819,1709.0,3.14,6.23,42.58,51.95,32399.0,1.02
Soyabean,dharwad,Hubli (Amaragol),2019,2,270.0,2219,4351,3409.0,0.0,3.14,6.23,9.37,32399.0,1.02
Soyabean,dharwad,Hubli (Amaragol),2019,3,244.0,2401,3969,2907.0,0.03,0.0,3.14,3.17,32399.0,1.02
Soyabean,dharwad,Hubli (Amaragol),2019,4,159.0,2269,3866,3600.0,6.82,0.03,0.0,6.8500000000000005,32399.0,1.02
Soyabean,dharwad,Hubli (Amaragol),2019,5,126.0,2001,3843,3501.0,30.35,6.82,0.03,37.2,32399.0,1.02
Soyabean,dharwad,Hubli (Amaragol),2019,6,115.0,2701,3650,3564.0,17.97,30.35,6.82,55.14,32399.0,1.02
Soyabean,dharwad,Hubli (Amaragol),2019,7,29.0,3333,3540,3370.0,150.14,17.97,30.35,198.46,32399.0,1.02
Soyabean,dharwad,Hubli (Amaragol),2019,8,33.0,3152,3627,3152.0,257.39,150.14,17.97,425.5,32399.0,1.02
Soyabean,dharwad,Hubli (Amaragol),2019,9,72.0,2509,3800,3036.0,456.49,257.39,150.14,864.02,32399.0,1.02
Soyabean,dharwad,Hubli (Amaragol),2019,10,73.0,2106,3666,3169.0,190.66,456.49,257.39,904.54,32399.0,1.02
Soyabean,dharwad,Hubli (Amaragol),2019,11,232.0,1825,3819,3204.0,286.03,190.66,456.49,933.18,32399.0,1.02
Soyabean,dharwad,Hubli (Amaragol),2019,12,340.0,2169,4332,3409.0,23.85,286.03,190.66,500.54,32399.0,1.02
Soyabean,dharwad,Hubli (Amaragol),2020,1,241.0,2269,4363,3469.0,2.69,23.85,286.03,312.57,30001.0,1.08
Soyabean,dharwad,Hubli (Amaragol),2020,2,116.0,2126,4011,3436.0,1.27,2.69,23.85,27.81,30001.0,1.08
Soyabean,dharwad,Hubli (Amaragol),2020,3,190.0,2001,3700,2750.0,0.0,1.27,2.69,3.96,30001.0,1.08
Soyabean,dharwad,Hubli (Amaragol),2020,4,272.0,570,3987,3500.0,11.04,0.0,1.27,12.31,30001.0,1.08
Soyabean,dharwad,Hubli (Amaragol),2020,5,147.0,669,3776,2872.0,70.46,11.04,0.0,81.5,30001.0,1.08
Soyabean,dharwad,Hubli (Amaragol),2020,6,173.0,2019,3712,3569.0,55.48,70.46,11.04,136.98,30001.0,1.08
Soyabean,dharwad,Hubli (Amaragol),2020,7,66.0,1209,3654,2709.0,209.26,55.48,70.46,335.2,30001.0,1.08
Soyabean,dharwad,Hubli (Amaragol),2020,8,138.0,2569,4450,2869.0,361.31,209.26,55.48,626.05,30001.0,1.08
Soyabean,dharwad,Hubli (Amaragol),2020,9,88.0,2200,3879,3369.0,343.15,361.31,209.26,913.72,30001.0,1.08
Soyabean,dharwad,Hubli (Amaragol),2020,10,219.0,570,4050,3269.0,286.66,343.15,361.31,991.12,30001.0,1.08
Soyabean,dharwad,Hubli (Amaragol),2020,11,950.0,1009,4357,3181.0,204.92,286.66,343.15,834.73,30001.0,1.08
Soyabean,dharwad,Hubli (Amaragol),2020,12,655.0,1510,4470,3047.0,1.46,204.92,286.66,493.04,30001.0,1.08
Soyabean,dharwad,Hubli (Amaragol),2021,1,252.0,1009,5189,4169.0,1.96,1.46,204.92,208.34,39900.0,0.68
Soyabean,dharwad,Hubli (Amaragol),2021,2,333.0,509,5040,4280.0,11.71,1.96,1.46,15.130000000000004,39900.0,0.68
Soyabean,dharwad,Hubli (Amaragol),2021,3,362.0,1509,5769,3023.0,12.44,11.71,1.96,26.11,39900.0,0.68
Soyabean,dharwad,Hubli (Amaragol),2021,4,202.0,1600,7800,4301.0,3.4,12.44,11.71,27.55,39900.0,0.68
Soyabean,dharwad,Hubli (Amaragol),2021,5,44.0,1009,7615,1709.0,33.64,3.4,12.44,49.48,39900.0,0.68
Soyabean,dharwad,Hubli (Amaragol),2021,6,61.0,1500,7209,3521.0,212.61,33.64,3.4,249.65,39900.0,0.68
Soyabean,dharwad,Hubli (Amaragol),2021,7,41.0,2109,7851,5159.0,273.55,212.61,33.64,519.8000000000001,39900.0,0.68
Soyabean,dharwad,Hubli (Amaragol),2021,8,10.0,3069,9611,5145.0,323.33,273.55,212.61,809.49,39900.0,0.68
Soyabean,dharwad,Hubli (Amaragol),2021,9,220.0,1810,7819,3837.0,89.46,323.33,273.55,686.3399999999999,39900.0,0.68
Soyabean,dharwad,Hubli (Amaragol),2021,10,415.0,2009,5970,4248.0,146.94,89.46,323.33,559.73,39900.0,0.68
Soyabean,dharwad,Hubli (Amaragol),2021,11,273.0,1599,7169,4592.0,119.8,146.94,89.46,356.2,39900.0,0.68
Soyabean,dharwad,Hubli (Amaragol),2021,12,302.0,1210,7020,5510.0,102.69,119.8,146.94,369.43,39900.0,0.68
Soyabean,dharwad,Hubli (Amaragol),2022,1,348.0,1000,6409,4010.0,33.5,102.69,119.8,255.99,42623.0,0.83
Soyabean,dharwad,Hubli (Amaragol),2022,2,395.0,1010,7309,4010.0,0.05,33.5,102.69,136.24,42623.0,0.83
Soyabean,dharwad,Hubli (Amaragol),2022,3,762.0,1510,7329,4069.0,0.0,0.05,33.5,33.55,42623.0,0.83
Soyabean,dharwad,Hubli (Amaragol),2022,4,381.0,1510,7509,4870.0,10.41,0.0,0.05,10.46,42623.0,0.83
Soyabean,dharwad,Hubli (Amaragol),2022,5,181.0,1010,7009,6469.0,47.32,10.41,0.0,57.73,42623.0,0.83
Soyabean,dharwad,Hubli (Amaragol),2022,6,231.0,2566,6989,5211.0,103.64,47.32,10.41,161.37,42623.0,0.83
Soyabean,dharwad,Hubli (Amaragol),2022,7,116.0,1889,6552,5909.0,141.54,103.64,47.32,292.5,42623.0,0.83
Soyabean,dharwad,Hubli (Amaragol),2022,8,257.0,2002,6455,4791.0,292.93,141.54,103.64,538.11,42623.0,0.83
Soyabean,dharwad,Hubli (Amaragol),2022,9,342.0,1505,6009,5005.0,214.45,292.93,141.54,648.92,42623.0,0.83
Soyabean,dharwad,Hubli (Amaragol),2022,10,799.0,1007,5609,4410.0,215.99,214.45,292.93,723.37,42623.0,0.83
Soyabean,dharwad,Hubli (Amaragol),2022,11,1657.0,1003,6050,4010.0,104.92,215.99,214.45,535.36,42623.0,0.83
Soyabean,dharwad,Hubli (Amaragol),2022,12,644.0,1210,5770,4650.0,3.42,104.92,215.99,324.33000000000004,42623.0,0.83
Soyabean,dharwad,Hubli (Amaragol),2023,1,506.0,1010,5959,4010.0,9.76,3.42,104.92,118.1,37883.08,0.87
Soyabean,dharwad,Hubli (Amaragol),2023,2,575.0,1501,5414,4089.0,0.02,9.76,3.42,13.2,37883.08,0.87
Soyabean,dharwad,Hubli (Amaragol),2023,3,584.0,1010,5239,4759.0,0.0,0.02,9.76,9.78,37883.08,0.87
Soyabean,dharwad,Hubli (Amaragol),2023,4,411.0,1523,5651,3955.0,0.02,0.0,0.02,0.04,37883.08,0.87
Soyabean,dharwad,Hubli (Amaragol),2023,5,223.0,1230,5153,3050.0,13.32,0.02,0.0,13.34,37883.08,0.87
Soyabean,dharwad,Hubli (Amaragol),2023,6,126.0,1809,5129,4866.0,39.56,13.32,0.02,52.900000000000006,37883.08,0.87
Soyabean,dharwad,Hubli (Amaragol),2023,7,72.0,2886,5139,3556.0,74.89,39.56,13.32,127.77,37883.08,0.87
Soyabean,dharwad,Hubli (Amaragol),2023,8,72.0,2500,5029,4759.0,379.57,74.89,39.56,494.02,37883.08,0.87
Soyabean,dharwad,Hubli (Amaragol),2023,9,133.0,1609,5059,4759.0,61.49,379.57,74.89,515.95,37883.08,0.87
Soyabean,dharwad,Hubli (Amaragol),2023,10,608.0,1010,5552,3129.0,155.32,61.49,379.57,596.38,37883.08,0.87
Soyabean,dharwad,Hubli (Amaragol),2023,11,1218.0,1000,5390,3202.0,14.8,155.32,61.49,231.61,37883.08,0.87
Soyabean,dharwad,Hubli (Amaragol),2023,12,401.0,1011,5090,3560.0,42.59,14.8,155.32,212.71,37883.08,0.87
Soyabean,dharwad,Hubli (Amaragol),2024,1,269.0,1010,5541,3210.0,0.73,42.59,14.8,58.120000000000005,38261.91,0.88
Soyabean,dharwad,Hubli (Amaragol),2024,2,278.0,1809,4850,4222.0,9.04,0.73,42.59,52.36,38261.91,0.88
Soyabean,dharwad,Hubli (Amaragol),2024,3,255.0,1610,43020,3054.0,0.0,9.04,0.73,9.77,38261.91,0.88
Soyabean,dharwad,Hubli (Amaragol),2024,4,250.0,1610,6310,4411.0,0.71,0.0,9.04,9.75,38261.91,0.88
Soyabean,dharwad,Hubli (Amaragol),2024,5,248.0,1810,4681,4470.0,54.23,0.71,0.0,54.94,38261.91,0.88
Soyabean,dharwad,Hubli (Amaragol),2024,6,229.0,1270,4800,2871.0,78.2,54.23,0.71,133.14,38261.91,0.88
Soyabean,dharwad,Hubli (Amaragol),2024,7,172.0,2569,5170,3852.0,233.04,78.2,54.23,365.47,38261.91,0.88
Soyabean,dharwad,Hubli (Amaragol),2024,8,189.0,2019,4430,3769.0,428.11,233.04,78.2,739.35,38261.91,0.88
Soyabean,dharwad,Hubli (Amaragol),2024,9,1428.0,1519,7401,3334.0,210.75,428.11,233.04,871.9,38261.91,0.88
Soyabean,dharwad,Hubli (Amaragol),2024,10,2319.0,1010,7036,3056.0,190.19,210.75,428.11,829.05,38261.91,0.88
Soyabean,dharwad,Hubli (Amaragol),2024,11,1601.0,1009,7109,3600.0,237.1,190.19,210.75,638.04,38261.91,0.88
Soyabean,dharwad,Hubli (Amaragol),2024,12,1338.0,530,4800,3800.0,5.64,237.1,190.19,432.93,38261.91,0.88
Soyabean,dharwad,Hubli (Amaragol),2025,1,496.0,501,6269,3600.0,15.86,5.64,237.1,258.6,38644.53,0.89
Soyabean,dharwad,Hubli (Amaragol),2025,2,435.0,1700,4299,3800.0,0.0,15.86,5.64,21.5,38644.53,0.89
Soyabean,dharwad,Hubli (Amaragol),2025,3,88.0,3090,5419,3933.0,0.31,0.0,15.86,16.169999999999998,38644.53,0.89
Soyabean,dharwad,Kalagategi,2018,6,265.0,2900,3499,3400.0,120.33,25.65,12.46,158.44,34554.0,0.79
Soyabean,dharwad,Kalagategi,2018,7,318.0,3100,3600,3300.0,239.16,120.33,25.65,385.14,34554.0,0.79
Soyabean,dharwad,Kalagategi,2018,8,783.0,2400,3555,3300.0,194.14,239.16,120.33,553.63,34554.0,0.79
Soyabean,dharwad,Kalagategi,2018,9,491.0,2889,3350,3300.0,115.31,194.14,239.16,548.61,34554.0,0.79
Soyabean,dharwad,Kalagategi,2018,10,132.0,1350,3050,1350.0,118.36,115.31,194.14,427.81,34554.0,0.79
Soyabean,dharwad,Kalagategi,2018,11,505.0,3150,3492,3300.0,42.58,118.36,115.31,276.25,34554.0,0.79
Soyabean,dharwad,Kalagategi,2018,12,194.0,3300,3420,3340.0,6.23,42.58,118.36,167.17000000000002,34554.0,0.79
Soyabean,dharwad,Kalagategi,2019,1,1021.0,3200,3800,3650.0,3.14,6.23,42.58,51.95,32399.0,1.02
Soyabean,dharwad,Kalagategi,2019,2,1078.0,3500,3780,3650.0,0.0,3.14,6.23,9.37,32399.0,1.02
Soyabean,dharwad,Kalagategi,2019,3,801.0,3300,3450,3380.0,0.03,0.0,3.14,3.17,32399.0,1.02
Soyabean,dharwad,Kalagategi,2019,4,2021.0,3250,3550,3390.0,6.82,0.03,0.0,6.8500000000000005,32399.0,1.02
Soyabean,dharwad,Kalagategi,2019,5,1408.0,3380,3650,3550.0,30.35,6.82,0.03,37.2,32399.0,1.02
Soyabean,dharwad,Kalagategi,2019,6,105.0,3500,3600,3550.0,17.97,30.35,6.82,55.14,32399.0,1.02
Soyabean,dharwad,Kalagategi,2019,7,478.0,3400,3630,3580.0,150.14,17.97,30.35,198.46,32399.0,1.02
Soyabean,dharwad,Kalagategi,2019,8,272.0,3400,3650,3600.0,257.39,150.14,17.97,425.5,32399.0,1.02
Soyabean,dharwad,Kalagategi,2019,9,473.0,3450,6500,3600.0,456.49,257.39,150.14,864.02,32399.0,1.02
Soyabean,dharwad,Kalagategi,2019,10,281.0,3450,3750,3500.0,190.66,456.49,257.39,904.54,32399.0,1.02
Soyabean,dharwad,Kalagategi,2019,12,765.0,350,4100,3900.0,23.85,286.03,190.66,500.54,32399.0,1.02
Soyabean,dharwad,Kalagategi,2020,1,482.0,3800,4200,4100.0,2.69,23.85,286.03,312.57,30001.0,1.08
Soyabean,dharwad,Kalagategi,2020,4,227.0,3450,3905,3600.0,11.04,0.0,1.27,12.31,30001.0,1.08
Soyabean,dharwad,Kalagategi,2020,7,222.0,3450,4570,3450.0,209.26,55.48,70.46,335.2,30001.0,1.08
Soyabean,dharwad,Kalagategi,2020,8,68.0,3450,3650,3500.0,361.31,209.26,55.48,626.05,30001.0,1.08
Soyabean,dharwad,Kalagategi,2020,9,270.0,3450,3700,3600.0,343.15,361.31,209.26,913.72,30001.0,1.08
Soyabean,dharwad,Kalagategi,2020,10,75.0,1220,4100,1230.0,286.66,343.15,361.31,991.12,30001.0,1.08
Soyabean,dharwad,Kalagategi,2020,11,160.0,3400,4100,3900.0,204.92,286.66,343.15,834.73,30001.0,1.08
Soyabean,dharwad,Kalagategi,2020,12,304.0,3800,4430,4000.0,1.46,204.92,286.66,493.04,30001.0,1.08
Soyabean,dharwad,Kalagategi,2021,1,506.0,1470,4600,4000.0,1.96,1.46,204.92,208.34,39900.0,0.68
Soyabean,dharwad,Kalagategi,2021,2,238.0,3500,46100,4400.0,11.71,1.96,1.46,15.130000000000004,39900.0,0.68
Soyabean,dharwad,Kalagategi,2021,3,309.0,3500,5450,5200.0,12.44,11.71,1.96,26.11,39900.0,0.68
Soyabean,dharwad,Kalagategi,2021,4,421.0,4000,7436,6100.0,3.4,12.44,11.71,27.55,39900.0,0.68
Soyabean,dharwad,Kalagategi,2021,5,321.0,4100,7862,7344.0,33.64,3.4,12.44,49.48,39900.0,0.68
Soyabean,dharwad,Kalagategi,2021,6,137.0,6834,7294,6897.0,212.61,33.64,3.4,249.65,39900.0,0.68
Soyabean,dharwad,Kalagategi,2021,7,193.0,4000,9121,4000.0,273.55,212.61,33.64,519.8000000000001,39900.0,0.68
Soyabean,dharwad,Kalagategi,2021,8,43.0,7970,9874,8137.0,323.33,273.55,212.61,809.49,39900.0,0.68
Soyabean,dharwad,Kalagategi,2021,9,41.0,5388,8645,5388.0,89.46,323.33,273.55,686.3399999999999,39900.0,0.68
Soyabean,dharwad,Kalagategi,2021,10,58.0,4908,6003,4917.0,146.94,89.46,323.33,559.73,39900.0,0.68
Soyabean,dharwad,Kalagategi,2021,11,79.0,5015,6600,5098.0,119.8,146.94,89.46,356.2,39900.0,0.68
Soyabean,dharwad,Kalagategi,2021,12,229.0,5517,6950,5738.0,102.69,119.8,146.94,369.43,39900.0,0.68
Soyabean,dharwad,Kalagategi,2022,1,615.0,5000,6500,6100.0,33.5,102.69,119.8,255.99,42623.0,0.83
Soyabean,dharwad,Kalagategi,2022,2,387.0,5756,7159,6650.0,0.05,33.5,102.69,136.24,42623.0,0.83
Soyabean,dharwad,Kalagategi,2022,3,539.0,6627,7590,7093.0,0.0,0.05,33.5,33.55,42623.0,0.83
Soyabean,dharwad,Kalagategi,2022,4,608.0,6811,7490,6910.0,10.41,0.0,0.05,10.46,42623.0,0.83
Soyabean,dharwad,Kalagategi,2022,5,267.0,6362,6890,6630.0,47.32,10.41,0.0,57.73,42623.0,0.83
Soyabean,dharwad,Kalagategi,2022,6,312.0,6109,6690,6570.0,103.64,47.32,10.41,161.37,42623.0,0.83
Soyabean,dharwad,Kalagategi,2022,7,146.0,6045,6470,6210.0,141.54,103.64,47.32,292.5,42623.0,0.83
Soyabean,dharwad,Kalagategi,2022,8,461.0,5557,6510,5800.0,292.93,141.54,103.64,538.11,42623.0,0.83
Soyabean,dharwad,Kalagategi,2022,9,199.0,4510,5730,5325.0,214.45,292.93,141.54,648.92,42623.0,0.83
Soyabean,dharwad,Kalagategi,2022,10,220.0,4596,5225,4700.0,215.99,214.45,292.93,723.37,42623.0,0.83
Soyabean,dharwad,Kalagategi,2024,7,180.0,4000,4500,4180.0,233.04,78.2,54.23,365.47,38261.91,0.88
Soyabean,dharwad,Kalagategi,2024,8,718.0,4000,4400,4224.0,428.11,233.04,78.2,739.35,38261.91,0.88
Soyabean,dharwad,Kalagategi,2024,9,1205.0,4000,4700,4350.0,210.75,428.11,233.04,871.9,38261.91,0.88
Soyabean,dharwad,Kalagategi,2024,10,1569.0,3785,4400,4300.0,190.19,210.75,428.11,829.05,38261.91,0.88
Soyabean,dharwad,Kalagategi,2024,11,1262.0,3750,4400,4239.0,237.1,190.19,210.75,638.04,38261.91,0.88
Soyabean,dharwad,Kalagategi,2024,12,1454.0,3420,4328,4150.0,5.64,237.1,190.19,432.93,38261.91,0.88
Soyabean,dharwad,Kalagategi,2025,1,1516.0,3711,4290,4170.0,15.86,5.64,237.1,258.6,38644.53,0.89
Soyabean,dharwad,Kalagategi,2025,2,1346.0,3300,4390,4005.0,0.0,15.86,5.64,21.5,38644.53,0.89
Soyabean,dharwad,Kalagategi,2025,3,980.0,3500,4280,4012.0,0.31,0.0,15.86,16.169999999999998,38644.53,0.89
Soyabean,dharwad,Kalagategi,2025,4,1117.0,3800,4500,4141.0,6.73,0.31,0.0,7.04,38644.53,0.89
Soyabean,dharwad,Kalagategi,2025,5,1323.0,0,4500,4300.0,49.06,6.73,0.31,56.10000000000001,38644.53,0.89
Soyabean,dharwad,Kalagategi,2025,6,270.0,4000,4425,4285.0,495.96,49.06,6.73,551.75,38644.53,0.89
Soyabean,dharwad,Kundagol,2018,7,56.0,2650,3666,2650.0,239.16,120.33,25.65,385.14,34554.0,0.79
Soyabean,dharwad,Kundagol,2018,8,23.0,2400,3100,2400.0,194.14,239.16,120.33,553.63,34554.0,0.79
Soyabean,dharwad,Kundagol,2020,4,6.0,3500,3500,3500.0,11.04,0.0,1.27,12.31,30001.0,1.08
Soyabean,dharwad,Kundagol,2020,5,24.0,2800,3650,2800.0,70.46,11.04,0.0,81.5,30001.0,1.08
Soyabean,dharwad,Kundagol,2020,6,18.0,2800,3500,2800.0,55.48,70.46,11.04,136.98,30001.0,1.08
Soyabean,dharwad,Kundagol,2020,7,55.0,3200,3800,3200.0,209.26,55.48,70.46,335.2,30001.0,1.08
Soyabean,dharwad,Kundagol,2020,9,209.0,3250,3750,3500.0,343.15,361.31,209.26,913.72,30001.0,1.08
Soyabean,dharwad,Kundagol,2020,11,6.0,3500,3500,3500.0,204.92,286.66,343.15,834.73,30001.0,1.08
Soyabean,dharwad,Kundagol,2020,12,19.0,4000,4000,4000.0,1.46,204.92,286.66,493.04,30001.0,1.08
Soyabean,dharwad,Kundagol,2021,11,22.0,5000,5500,5000.0,119.8,146.94,89.46,356.2,39900.0,0.68
Soyabean,dharwad,Kundagol,2021,12,29.0,6000,6500,6000.0,102.69,119.8,146.94,369.43,39900.0,0.68
Soyabean,dharwad,Kundagol,2024,5,6.0,4900,4900,4900.0,54.23,0.71,0.0,54.94,38261.91,0.88
Soyabean,dharwad,Kundagol,2024,9,203.0,3200,4525,3200.0,210.75,428.11,233.04,871.9,38261.91,0.88
Soyabean,dharwad,Kundagol,2024,10,802.0,3000,4400,3106.0,190.19,210.75,428.11,829.05,38261.91,0.88
Soyabean,dharwad,Kundagol,2024,12,54.0,3100,4208,3153.0,5.64,237.1,190.19,432.93,38261.91,0.88
Soyabean,dharwad,Kundagol,2025,1,42.0,3750,3775,3750.0,15.86,5.64,237.1,258.6,38644.53,0.89
Soyabean,dharwad,Kundagol,2025,3,25.0,0,0,3200.0,0.31,0.0,15.86,16.169999999999998,38644.53,0.89
Soyabean,gadag,Gadag,2018,9,1.0,2808,2808,2808.0,52.67,59.14,126.68,238.49,45.0,0.98
Soyabean,gadag,Gadag,2022,9,3.0,4219,4424,4368.0,153.44,154.7,64.99,373.13,1327.0,1.18
Soyabean,gadag,Gadag,2022,10,14.0,1509,4831,2866.0,207.28,153.44,154.7,515.4200000000001,1327.0,1.18
Soyabean,gadag,Gadag,2022,11,32.0,1101,5621,3002.0,100.49,207.28,153.44,461.21,1327.0,1.18
Soyabean,gadag,Gadag,2022,12,41.0,1324,6629,3183.0,3.79,100.49,207.28,311.56,1327.0,1.18
Soyabean,gadag,Gadag,2023,1,13.0,1012,5312,2493.0,14.0,3.79,100.49,118.28,614.08,1.2
Soyabean,gadag,Gadag,2023,2,15.0,2569,5328,3968.0,0.01,14.0,3.79,17.8,614.08,1.2
Soyabean,gadag,Gadag,2023,3,4.0,2024,4869,3610.0,0.0,0.01,14.0,14.01,614.08,1.2
Soyabean,gadag,Gadag,2023,4,1.0,4001,4401,4230.0,0.63,0.0,0.01,0.64,614.08,1.2
Soyabean,gadag,Gadag,2023,5,4.0,2024,4669,3698.0,19.2,0.63,0.0,19.83,614.08,1.2
Soyabean,gadag,Gadag,2023,6,13.0,3211,4729,4070.0,43.52,19.2,0.63,63.35,614.08,1.2
Soyabean,gadag,Gadag,2023,7,9.0,1024,4689,2882.0,22.6,43.52,19.2,85.32000000000001,614.08,1.2
Soyabean,gadag,Gadag,2023,8,4.0,3333,4447,3932.0,173.7,22.6,43.52,239.82,614.08,1.2
Soyabean,gadag,Gadag,2023,10,22.0,2424,4749,4055.0,111.14,42.26,173.7,327.1,614.08,1.2
Soyabean,gadag,Gadag,2023,11,15.0,1747,5714,4149.0,6.54,111.14,42.26,159.94,614.08,1.2
Soyabean,gadag,Gadag,2023,12,3.0,3009,4575,4207.0,46.58,6.54,111.14,164.26,614.08,1.2
Soyabean,gadag,Gadag,2024,1,2.0,3024,5369,5081.0,1.3,46.58,6.54,54.42,620.22,1.21
Soyabean,gadag,Gadag,2024,3,5.0,2844,4209,2844.0,0.0,6.06,1.3,7.359999999999999,620.22,1.21
Soyabean,gadag,Gadag,2024,4,6.0,311,4224,3884.0,0.92,0.0,6.06,6.98,620.22,1.21
Soyabean,gadag,Gadag,2024,5,2.0,3114,4302,3565.0,47.5,0.92,0.0,48.42,620.22,1.21
Soyabean,gadag,Gadag,2024,6,4.0,2889,4309,3389.0,75.38,47.5,0.92,123.8,620.22,1.21
Soyabean,gadag,Gadag,2024,7,2.0,3201,4049,3201.0,141.51,75.38,47.5,264.39,620.22,1.21
Soyabean,gadag,Gadag,2024,9,1.0,3644,3644,3644.0,121.86,144.34,141.51,407.71,620.22,1.21
Soyabean,gadag,Gadag,2024,10,6.0,3412,3819,3751.0,127.24,121.86,144.34,393.44,620.22,1.21
Soyabean,gadag,Gadag,2024,11,2.0,3077,3919,3480.0,191.39,127.24,121.86,440.49,620.22,1.21
Soyabean,gadag,Gadag,2024,12,2.0,3469,3609,3469.0,4.02,191.39,127.24,322.65,620.22,1.21
Soyabean,gadag,Laxmeshwar,2021,10,7.0,2060,4899,4606.0,98.89,58.89,158.75,316.53,438.0,1.15
Soyabean,gadag,Laxmeshwar,2021,11,4.0,1099,5079,1830.0,117.32,98.89,58.89,275.1,438.0,1.15
Soyabean,gadag,Laxmeshwar,2021,12,2.0,5419,6019,5800.0,93.51,117.32,98.89,309.72,438.0,1.15
Soyabean,gadag,Laxmeshwar,2022,2,1.0,5399,5699,5549.0,0.19,12.79,93.51,106.49,1327.0,1.18
Soyabean,gadag,Laxmeshwar,2022,3,3.0,5099,6989,6280.0,0.0,0.19,12.79,12.98,1327.0,1.18
Soyabean,gadag,Laxmeshwar,2022,4,3.0,3419,6929,5904.0,6.42,0.0,0.19,6.61,1327.0,1.18
Soyabean,gadag,Laxmeshwar,2022,5,4.0,4159,6829,5719.0,43.21,6.42,0.0,49.63,1327.0,1.18
Soyabean,gadag,Laxmeshwar,2022,6,1.0,4019,6069,5079.0,119.79,43.21,6.42,169.42,1327.0,1.18
Soyabean,gadag,Laxmeshwar,2022,8,1.0,5489,5629,5514.0,154.7,64.99,119.79,339.48,1327.0,1.18
Soyabean,gadag,Laxmeshwar,2022,9,23.0,1809,5365,4053.0,153.44,154.7,64.99,373.13,1327.0,1.18
Soyabean,gadag,Laxmeshwar,2022,10,39.0,1869,6015,4335.0,207.28,153.44,154.7,515.4200000000001,1327.0,1.18
Soyabean,gadag,Laxmeshwar,2022,11,36.0,1859,5760,5265.0,100.49,207.28,153.44,461.21,1327.0,1.18
Soyabean,gadag,Laxmeshwar,2022,12,69.0,1860,7585,3176.0,3.79,100.49,207.28,311.56,1327.0,1.18
Soyabean,gadag,Laxmeshwar,2023,1,53.0,2009,6599,4003.0,14.0,3.79,100.49,118.28,614.08,1.2
Soyabean,gadag,Laxmeshwar,2023,2,31.0,2060,7171,4233.0,0.01,14.0,3.79,17.8,614.08,1.2
Soyabean,gadag,Laxmeshwar,2023,3,42.0,2055,6857,3140.0,0.0,0.01,14.0,14.01,614.08,1.2
Soyabean,gadag,Laxmeshwar,2023,4,25.0,2099,5129,4603.0,0.63,0.0,0.01,0.64,614.08,1.2
Soyabean,gadag,Laxmeshwar,2023,5,14.0,2209,5549,4120.0,19.2,0.63,0.0,19.83,614.08,1.2
Soyabean,gadag,Laxmeshwar,2023,6,24.0,2060,5069,4663.0,43.52,19.2,0.63,63.35,614.08,1.2
Soyabean,gadag,Laxmeshwar,2023,7,11.0,3009,5515,4335.0,22.6,43.52,19.2,85.32000000000001,614.08,1.2
Soyabean,gadag,Laxmeshwar,2023,8,6.0,2515,4820,4048.0,173.7,22.6,43.52,239.82,614.08,1.2
Soyabean,gadag,Laxmeshwar,2023,9,8.0,3019,4876,4319.0,42.26,173.7,22.6,238.56,614.08,1.2
Soyabean,gadag,Laxmeshwar,2023,10,28.0,2015,7376,3150.0,111.14,42.26,173.7,327.1,614.08,1.2
Soyabean,gadag,Laxmeshwar,2023,11,10.0,2050,5595,2667.0,6.54,111.14,42.26,159.94,614.08,1.2
Soyabean,gadag,Laxmeshwar,2023,12,6.0,2515,4879,3923.0,46.58,6.54,111.14,164.26,614.08,1.2
Soyabean,gadag,Laxmeshwar,2024,1,7.0,2269,4929,3852.0,1.3,46.58,6.54,54.42,620.22,1.21
Soyabean,gadag,Laxmeshwar,2024,2,4.0,2515,4399,3402.0,6.06,1.3,46.58,53.94,620.22,1.21
Soyabean,gadag,Laxmeshwar,2024,3,12.0,2050,4558,3670.0,0.0,6.06,1.3,7.359999999999999,620.22,1.21
Soyabean,gadag,Laxmeshwar,2024,4,3.0,2017,4565,3356.0,0.92,0.0,6.06,6.98,620.22,1.21
Soyabean,gadag,Laxmeshwar,2024,5,6.0,2020,4541,4061.0,47.5,0.92,0.0,48.42,620.22,1.21
Soyabean,gadag,Laxmeshwar,2024,6,1.0,4119,4419,4419.0,75.38,47.5,0.92,123.8,620.22,1.21
Soyabean,gadag,Laxmeshwar,2024,8,8.0,1550,4369,3370.0,144.34,141.51,75.38,361.23,620.22,1.21
Soyabean,gadag,Laxmeshwar,2024,9,19.0,1896,4390,3315.0,121.86,144.34,141.51,407.71,620.22,1.21
Soyabean,gadag,Laxmeshwar,2024,10,17.0,1650,4290,3674.0,127.24,121.86,144.34,393.44,620.22,1.21
Soyabean,gadag,Laxmeshwar,2024,11,6.0,1750,4344,3585.0,191.39,127.24,121.86,440.49,620.22,1.21
Soyabean,gadag,Laxmeshwar,2025,2,2.0,2859,4039,3753.0,0.0,15.11,4.02,19.13,626.42,1.22
Soyabean,gadag,Nargunda,2023,11,24.0,4800,4800,4800.0,6.54,111.14,42.26,159.94,614.08,1.2
Soyabean,haveri,Hanagal,2018,10,16.0,2939,3151,2939.0,86.34,64.4,76.6,227.34,6608.0,0.71
Soyabean,haveri,Hanagal,2018,11,42.0,3182,3442,3182.0,37.7,86.34,64.4,188.44,6608.0,0.71
Soyabean,haveri,Hanagal,2018,12,37.0,3116,3382,3295.0,4.41,37.7,86.34,128.45,6608.0,0.71
Soyabean,haveri,Hanagal,2019,1,69.0,3210,3771,3210.0,0.64,4.41,37.7,42.75,6024.0,0.5
Soyabean,haveri,Hanagal,2019,2,69.0,3338,3757,3578.0,0.23,0.64,4.41,5.28,6024.0,0.5
Soyabean,haveri,Hanagal,2019,3,107.0,3385,3681,3623.0,0.36,0.23,0.64,1.23,6024.0,0.5
Soyabean,haveri,Hanagal,2019,4,123.0,3244,3771,3463.0,1.78,0.36,0.23,2.37,6024.0,0.5
Soyabean,haveri,Hanagal,2019,5,84.0,3358,3685,3597.0,25.78,1.78,0.36,27.92,6024.0,0.5
Soyabean,haveri,Hanagal,2019,6,23.0,3473,3658,3473.0,32.43,25.78,1.78,59.99,6024.0,0.5
Soyabean,haveri,Hanagal,2019,8,22.0,3551,3643,3570.0,123.64,93.14,32.43,249.21,6024.0,0.5
Soyabean,haveri,Hanagal,2019,9,13.0,3639,3717,3657.0,217.51,123.64,93.14,434.29,6024.0,0.5
Soyabean,haveri,Hanagal,2019,10,35.0,3317,3853,3317.0,150.47,217.51,123.64,491.62,6024.0,0.5
Soyabean,haveri,Hanagal,2019,11,3.0,3502,3574,3502.0,255.2,150.47,217.51,623.18,6024.0,0.5
Soyabean,haveri,Hanagal,2019,12,18.0,3525,4207,3753.0,24.36,255.2,150.47,430.03,6024.0,0.5
Soyabean,haveri,Hanagal,2020,1,28.0,3887,4165,3887.0,8.38,24.36,255.2,287.94,7221.0,0.99
Soyabean,haveri,Hanagal,2020,2,8.0,3666,3892,3861.0,1.65,8.38,24.36,34.39,7221.0,0.99
Soyabean,haveri,Hanagal,2020,3,8.0,3158,3506,3165.0,0.0,1.65,8.38,10.03,7221.0,0.99
Soyabean,haveri,Haveri,2018,7,192.0,2800,3500,3400.0,147.37,105.45,33.93,286.75,6608.0,0.71
Soyabean,haveri,Haveri,2018,8,78.0,3400,3500,3400.0,76.6,147.37,105.45,329.42,6608.0,0.71
Soyabean,haveri,Haveri,2018,9,72.0,3100,3250,3100.0,64.4,76.6,147.37,288.37,6608.0,0.71
Soyabean,haveri,Haveri,2018,10,107.0,2950,3100,3000.0,86.34,64.4,76.6,227.34,6608.0,0.71
Soyabean,haveri,Haveri,2018,11,339.0,2100,3500,3200.0,37.7,86.34,64.4,188.44,6608.0,0.71
Soyabean,haveri,Haveri,2018,12,162.0,3200,3500,3400.0,4.41,37.7,86.34,128.45,6608.0,0.71
Soyabean,haveri,Haveri,2019,1,139.0,3300,3700,3350.0,0.64,4.41,37.7,42.75,6024.0,0.5
Soyabean,haveri,Haveri,2019,2,143.0,3600,3800,3600.0,0.23,0.64,4.41,5.28,6024.0,0.5
Soyabean,haveri,Haveri,2019,3,105.0,3400,3500,3400.0,0.36,0.23,0.64,1.23,6024.0,0.5
Soyabean,haveri,Haveri,2019,4,140.0,3400,3700,3700.0,1.78,0.36,0.23,2.37,6024.0,0.5
Soyabean,haveri,Haveri,2019,5,269.0,3500,3700,3600.0,25.78,1.78,0.36,27.92,6024.0,0.5
Soyabean,haveri,Haveri,2019,6,164.0,3500,3700,3550.0,32.43,25.78,1.78,59.99,6024.0,0.5
Soyabean,haveri,Haveri,2019,7,123.0,3500,3800,3550.0,93.14,32.43,25.78,151.35,6024.0,0.5
Soyabean,haveri,Haveri,2019,8,147.0,3500,3700,3500.0,123.64,93.14,32.43,249.21,6024.0,0.5
Soyabean,haveri,Haveri,2019,9,139.0,3000,37003,3100.0,217.51,123.64,93.14,434.29,6024.0,0.5
Soyabean,haveri,Haveri,2019,10,220.0,3200,3700,3600.0,150.47,217.51,123.64,491.62,6024.0,0.5
Soyabean,haveri,Haveri,2019,11,658.0,2800,3750,3600.0,255.2,150.47,217.51,623.18,6024.0,0.5
Soyabean,haveri,Haveri,2019,12,544.0,2900,4000,3600.0,24.36,255.2,150.47,430.03,6024.0,0.5
Soyabean,haveri,Haveri,2020,1,591.0,2700,4300,3800.0,8.38,24.36,255.2,287.94,7221.0,0.99
Soyabean,haveri,Haveri,2020,2,324.0,3300,3700,3300.0,1.65,8.38,24.36,34.39,7221.0,0.99
Soyabean,haveri,Haveri,2020,3,126.0,3000,3500,3000.0,0.0,1.65,8.38,10.03,7221.0,0.99
Soyabean,haveri,Haveri,2020,4,155.0,2600,3877,2600.0,2.99,0.0,1.65,4.640000000000001,7221.0,0.99
Soyabean,haveri,Haveri,2020,5,243.0,2800,3776,2800.0,80.99,2.99,0.0,83.97999999999999,7221.0,0.99
Soyabean,haveri,Haveri,2020,6,335.0,2800,3760,3500.0,71.65,80.99,2.99,155.63,7221.0,0.99
Soyabean,haveri,Haveri,2020,7,200.0,2500,4100,3600.0,116.04,71.65,80.99,268.68,7221.0,0.99
Soyabean,haveri,Haveri,2020,8,587.0,2500,3713,3300.0,294.71,116.04,71.65,482.4,7221.0,0.99
Soyabean,haveri,Haveri,2020,9,378.0,2500,3853,3600.0,173.5,294.71,116.04,584.25,7221.0,0.99
Soyabean,haveri,Haveri,2020,10,984.0,2700,4200,3750.0,245.84,173.5,294.71,714.05,7221.0,0.99
Soyabean,haveri,Haveri,2020,11,1189.0,3000,4350,4000.0,219.87,245.84,173.5,639.21,7221.0,0.99
Soyabean,haveri,Haveri,2020,12,1309.0,2900,4600,4200.0,7.16,219.87,245.84,472.87,7221.0,0.99
Soyabean,haveri,Haveri,2021,1,1026.0,2900,4491,4200.0,4.69,7.16,219.87,231.72,17229.0,0.7
Soyabean,haveri,Haveri,2021,2,562.0,3500,5000,5000.0,32.76,4.69,7.16,44.61,17229.0,0.7
Soyabean,haveri,Haveri,2021,3,509.0,3000,5776,3200.0,19.54,32.76,4.69,56.99,17229.0,0.7
Soyabean,haveri,Haveri,2021,4,638.0,3800,7807,6700.0,1.59,19.54,32.76,53.89,17229.0,0.7
Soyabean,haveri,Haveri,2021,5,45.0,6823,7169,6900.0,33.06,1.59,19.54,54.190000000000005,17229.0,0.7
Soyabean,haveri,Haveri,2021,6,57.0,6109,7300,7300.0,184.99,33.06,1.59,219.64,17229.0,0.7
Soyabean,haveri,Haveri,2021,7,15.0,6700,8868,7100.0,149.03,184.99,33.06,367.08,17229.0,0.7
Soyabean,haveri,Haveri,2021,8,10.0,8360,9137,8360.0,191.63,149.03,184.99,525.65,17229.0,0.7
Soyabean,haveri,Haveri,2021,9,299.0,5525,8605,5550.0,73.04,191.63,149.03,413.7000000000001,17229.0,0.7
Soyabean,haveri,Haveri,2021,10,220.0,4896,6165,5471.0,109.77,73.04,191.63,374.44,17229.0,0.7
Soyabean,haveri,Haveri,2021,11,152.0,4837,6611,5500.0,145.71,109.77,73.04,328.52000000000004,17229.0,0.7
Soyabean,haveri,Haveri,2021,12,171.0,5980,6673,6150.0,126.85,145.71,109.77,382.33,17229.0,0.7
Soyabean,haveri,Haveri,2022,1,189.0,5709,6361,6050.0,12.03,126.85,145.71,284.59000000000003,15238.0,0.33
Soyabean,haveri,Haveri,2022,2,288.0,5900,7197,6300.0,0.13,12.03,126.85,139.01,15238.0,0.33
Soyabean,haveri,Haveri,2022,3,290.0,6855,7542,7145.0,0.0,0.13,12.03,12.16,15238.0,0.33
Soyabean,haveri,Haveri,2022,4,276.0,6400,7279,7200.0,3.56,0.0,0.13,3.69,15238.0,0.33
Soyabean,haveri,Haveri,2022,5,104.0,6033,7117,6494.0,50.75,3.56,0.0,54.31,15238.0,0.33
Soyabean,haveri,Haveri,2022,6,89.0,5954,6508,6200.0,160.89,50.75,3.56,215.2,15238.0,0.33
Soyabean,haveri,Haveri,2022,7,47.0,5848,6369,6250.0,87.3,160.89,50.75,298.94,15238.0,0.33
Soyabean,haveri,Haveri,2022,8,77.0,5734,9250,5774.0,188.94,87.3,160.89,437.13,15238.0,0.33
Soyabean,haveri,Haveri,2022,9,224.0,4675,6317,5000.0,169.08,188.94,87.3,445.32,15238.0,0.33
Soyabean,haveri,Haveri,2022,10,115.0,4550,5100,4800.0,205.48,169.08,188.94,563.5,15238.0,0.33
Soyabean,haveri,Haveri,2022,11,335.0,5000,5782,5600.0,101.02,205.48,169.08,475.58,15238.0,0.33
Soyabean,haveri,Haveri,2022,12,120.0,5195,5550,5450.0,7.96,101.02,205.48,314.46,15238.0,0.33
Soyabean,haveri,Haveri,2023,1,147.0,5180,5500,5420.0,18.99,7.96,101.02,127.97,13361.63,0.68
Soyabean,haveri,Haveri,2023,2,150.0,5150,5363,5200.0,0.01,18.99,7.96,26.96,13361.63,0.68
Soyabean,haveri,Haveri,2023,3,77.0,5018,5213,5175.0,0.0,0.01,18.99,19.0,13361.63,0.68
Soyabean,haveri,Haveri,2023,4,120.0,5095,5379,5107.0,0.4,0.0,0.01,0.41,13361.63,0.68
Soyabean,haveri,Haveri,2023,5,85.0,4859,5121,4875.0,12.01,0.4,0.0,12.41,13361.63,0.68
Soyabean,haveri,Haveri,2023,6,75.0,4793,5379,4800.0,47.01,12.01,0.4,59.42,13361.63,0.68
Soyabean,haveri,Haveri,2023,7,4.0,4850,4990,4875.0,40.32,47.01,12.01,99.34,13361.63,0.68
Soyabean,haveri,Haveri,2023,10,166.0,4400,4800,4475.0,131.31,44.47,212.43,388.21,13361.63,0.68
Soyabean,haveri,Haveri,2023,11,194.0,4700,5190,4800.0,5.75,131.31,44.47,181.53,13361.63,0.68
Soyabean,haveri,Haveri,2023,12,3.0,4900,4900,4900.0,61.58,5.75,131.31,198.64,13361.63,0.68
Soyabean,haveri,Haveri,2024,1,10.0,4600,4600,4600.0,1.78,61.58,5.75,69.11,13495.24,0.69
Soyabean,haveri,Haveri,2024,3,30.0,4400,4400,4400.0,0.0,19.34,1.78,21.12,13495.24,0.69
Soyabean,haveri,Haveri,2024,4,175.0,4341,4700,4700.0,0.78,0.0,19.34,20.12,13495.24,0.69
Soyabean,haveri,Haveri,2024,5,88.0,4500,4600,4500.0,47.19,0.78,0.0,47.97,13495.24,0.69
Soyabean,haveri,Haveri,2024,6,1.0,4458,4458,4458.0,97.62,47.19,0.78,145.59,13495.24,0.69
Soyabean,haveri,Haveri,2025,3,27.0,0,0,4150.0,0.39,0.05,22.14,22.58,13630.2,0.69
Soyabean,haveri,Haveri,2025,4,147.0,0,0,4100.0,6.42,0.39,0.05,6.859999999999999,13630.2,0.69
Soyabean,haveri,Haveri,2025,5,289.0,0,0,4200.0,68.93,6.42,0.39,75.74000000000001,13630.2,0.69
Soyabean,haveri,Ranebennur,2018,6,1.0,4500,4500,4500.0,105.45,33.93,16.92,156.3,6608.0,0.71
Soyabean,haveri,Ranebennur,2018,9,1.0,3200,3200,3200.0,64.4,76.6,147.37,288.37,6608.0,0.71
Soyabean,haveri,Ranebennur,2018,12,10.0,3500,3500,3500.0,4.41,37.7,86.34,128.45,6608.0,0.71
Soyabean,haveri,Ranebennur,2019,2,22.0,3600,3600,3600.0,0.23,0.64,4.41,5.28,6024.0,0.5
Soyabean,haveri,Ranebennur,2019,5,3.0,3800,3800,3800.0,25.78,1.78,0.36,27.92,6024.0,0.5
Soyabean,haveri,Ranebennur,2019,11,20.0,3700,3800,3700.0,255.2,150.47,217.51,623.18,6024.0,0.5
Soyabean,haveri,Ranebennur,2019,12,9.0,3320,3320,3320.0,24.36,255.2,150.47,430.03,6024.0,0.5
Soyabean,haveri,Ranebennur,2020,8,23.0,3800,3800,3800.0,294.71,116.04,71.65,482.4,7221.0,0.99
Soyabean,haveri,Ranebennur,2020,9,9.0,3600,3600,3600.0,173.5,294.71,116.04,584.25,7221.0,0.99
Soyabean,haveri,Ranebennur,2020,10,15.0,3600,3600,3600.0,245.84,173.5,294.71,714.05,7221.0,0.99
Soyabean,haveri,Ranebennur,2020,11,20.0,4200,4200,4200.0,219.87,245.84,173.5,639.21,7221.0,0.99
Soyabean,haveri,Ranebennur,2021,10,38.0,5400,5900,5400.0,109.77,73.04,191.63,374.44,17229.0,0.7
Soyabean,haveri,Ranebennur,2021,12,64.0,6400,6600,6500.0,126.85,145.71,109.77,382.33,17229.0,0.7
Soyabean,haveri,Ranebennur,2022,2,25.0,6550,6550,6550.0,0.13,12.03,126.85,139.01,15238.0,0.33
Soyabean,haveri,Ranebennur,2022,3,25.0,7100,7100,7100.0,0.0,0.13,12.03,12.16,15238.0,0.33
Soyabean,haveri,Ranebennur,2022,4,165.0,7180,7350,7300.0,3.56,0.0,0.13,3.69,15238.0,0.33
Soyabean,haveri,Ranebennur,2022,5,77.0,6500,6800,6750.0,50.75,3.56,0.0,54.31,15238.0,0.33
Soyabean,haveri,Ranebennur,2022,6,166.0,6200,6550,6200.0,160.89,50.75,3.56,215.2,15238.0,0.33
Soyabean,haveri,Ranebennur,2022,8,46.0,6200,6200,6200.0,188.94,87.3,160.89,437.13,15238.0,0.33
Soyabean,haveri,Ranebennur,2022,11,25.0,4700,4700,4700.0,101.02,205.48,169.08,475.58,15238.0,0.33
Soyabean,haveri,Ranebennur,2023,2,54.0,4900,5800,5000.0,0.01,18.99,7.96,26.96,13361.63,0.68
Soyabean,haveri,Ranebennur,2023,3,27.0,4100,4650,4300.0,0.0,0.01,18.99,19.0,13361.63,0.68
Soyabean,haveri,Ranebennur,2023,4,95.0,3700,5100,4700.0,0.4,0.0,0.01,0.41,13361.63,0.68
Soyabean,haveri,Ranebennur,2023,5,60.0,4000,4700,4500.0,12.01,0.4,0.0,12.41,13361.63,0.68
Soyabean,haveri,Ranebennur,2023,10,25.0,3900,44000,4200.0,131.31,44.47,212.43,388.21,13361.63,0.68
Soyabean,haveri,Ranebennur,2023,11,60.0,4100,4430,4300.0,5.75,131.31,44.47,181.53,13361.63,0.68
Soyabean,haveri,Savanur,2018,7,23.0,3700,3700,3700.0,147.37,105.45,33.93,286.75,6608.0,0.71
Soyabean,haveri,Savanur,2018,8,16.0,3400,3400,3400.0,76.6,147.37,105.45,329.42,6608.0,0.71
Soyabean,haveri,Savanur,2018,9,1.0,2200,2200,2200.0,64.4,76.6,147.37,288.37,6608.0,0.71
Soyabean,haveri,Savanur,2018,11,2.0,3319,3435,3319.0,37.7,86.34,64.4,188.44,6608.0,0.71
Soyabean,haveri,Savanur,2019,7,30.0,3800,3800,3800.0,93.14,32.43,25.78,151.35,6024.0,0.5
Soyabean,haveri,Savanur,2019,8,42.0,3600,3600,3600.0,123.64,93.14,32.43,249.21,6024.0,0.5
Soyabean,haveri,Savanur,2019,9,18.0,4050,4050,4050.0,217.51,123.64,93.14,434.29,6024.0,0.5
Soyabean,haveri,Savanur,2020,1,3.0,3551,3551,3551.0,8.38,24.36,255.2,287.94,7221.0,0.99
Soyabean,haveri,Savanur,2020,4,1.0,3772,3772,3772.0,2.99,0.0,1.65,4.640000000000001,7221.0,0.99
Soyabean,haveri,Savanur,2020,6,2.0,3552,3552,3552.0,71.65,80.99,2.99,155.63,7221.0,0.99
Soyabean,haveri,Savanur,2021,9,3.0,5309,6636,5709.0,73.04,191.63,149.03,413.7000000000001,17229.0,0.7
Soyabean,haveri,Savanur,2021,10,18.0,2001,5786,5158.0,109.77,73.04,191.63,374.44,17229.0,0.7
Soyabean,haveri,Savanur,2021,11,4.0,1013,6616,4303.0,145.71,109.77,73.04,328.52000000000004,17229.0,0.7
Soyabean,haveri,Savanur,2021,12,25.0,6069,9311,6302.0,126.85,145.71,109.77,382.33,17229.0,0.7
Soyabean,haveri,Savanur,2022,2,1.0,6046,6046,6046.0,0.13,12.03,126.85,139.01,15238.0,0.33
Soyabean,haveri,Savanur,2022,5,1.0,2669,6700,5972.0,50.75,3.56,0.0,54.31,15238.0,0.33
Soyabean,haveri,Savanur,2022,12,13.0,1222,5799,4476.0,7.96,101.02,205.48,314.46,15238.0,0.33
Soyabean,haveri,Savanur,2023,1,5.0,3000,5729,4950.0,18.99,7.96,101.02,127.97,13361.63,0.68
Soyabean,haveri,Savanur,2023,2,2.0,3980,5230,4927.0,0.01,18.99,7.96,26.96,13361.63,0.68
Soyabean,haveri,Savanur,2023,3,9.0,2136,5252,4449.0,0.0,0.01,18.99,19.0,13361.63,0.68
Soyabean,haveri,Savanur,2023,4,3.0,2269,5149,4267.0,0.4,0.0,0.01,0.41,13361.63,0.68
Soyabean,haveri,Savanur,2023,5,1.0,2860,4545,3987.0,12.01,0.4,0.0,12.41,13361.63,0.68
Soyabean,haveri,Savanur,2023,12,3.0,4001,4890,4669.0,61.58,5.75,131.31,198.64,13361.63,0.68
Soyabean,haveri,Savanur,2024,2,3.0,4251,4420,4271.0,19.34,1.78,61.58,82.7,13495.24,0.69
Soyabean,haveri,Savanur,2024,3,1.0,3440,4409,3938.0,0.0,19.34,1.78,21.12,13495.24,0.69
Soyabean,haveri,Savanur,2024,5,3.0,4230,4451,4405.0,47.19,0.78,0.0,47.97,13495.24,0.69
Soyabean,haveri,Savanur,2024,7,112.0,4650,4650,4650.0,155.91,97.62,47.19,300.72,13495.24,0.69
Soyabean,haveri,Savanur,2024,8,9.0,4150,4150,4150.0,192.9,155.91,97.62,446.43,13495.24,0.69
Soyabean,haveri,Savanur,2024,9,53.0,3900,4401,4114.0,172.79,192.9,155.91,521.6,13495.24,0.69
Soyabean,haveri,Savanur,2024,10,172.0,1525,4700,3890.0,124.86,172.79,192.9,490.55,13495.24,0.69
Soyabean,haveri,Savanur,2024,11,34.0,2269,4549,3723.0,205.31,124.86,172.79,502.96,13495.24,0.69
Soyabean,haveri,Savanur,2025,1,26.0,4564,4564,4564.0,22.14,6.54,205.31,233.99,13630.2,0.69
Soyabean,haveri,Shiggauv,2018,6,4.0,3344,3513,3428.0,105.45,33.93,16.92,156.3,6608.0,0.71
Soyabean,haveri,Shiggauv,2018,7,69.0,3000,3718,3000.0,147.37,105.45,33.93,286.75,6608.0,0.71
Soyabean,haveri,Shiggauv,2018,8,22.0,2849,3414,3093.0,76.6,147.37,105.45,329.42,6608.0,0.71
Soyabean,haveri,Shiggauv,2018,9,67.0,2876,3208,2986.0,64.4,76.6,147.37,288.37,6608.0,0.71
Soyabean,haveri,Shiggauv,2018,10,96.0,2714,3179,2843.0,86.34,64.4,76.6,227.34,6608.0,0.71
Soyabean,haveri,Shiggauv,2018,11,228.0,3220,3433,3260.0,37.7,86.34,64.4,188.44,6608.0,0.71
Soyabean,haveri,Shiggauv,2018,12,157.0,3000,3436,3147.0,4.41,37.7,86.34,128.45,6608.0,0.71
Soyabean,haveri,Shiggauv,2019,1,175.0,3108,3771,3260.0,0.64,4.41,37.7,42.75,6024.0,0.5
Soyabean,haveri,Shiggauv,2019,2,193.0,3144,3755,3389.0,0.23,0.64,4.41,5.28,6024.0,0.5
Soyabean,haveri,Shiggauv,2019,3,332.0,3150,3783,3395.0,0.36,0.23,0.64,1.23,6024.0,0.5
Soyabean,haveri,Shiggauv,2019,4,799.0,3342,3851,3500.0,1.78,0.36,0.23,2.37,6024.0,0.5
Soyabean,haveri,Shiggauv,2019,5,325.0,3000,3750,3000.0,25.78,1.78,0.36,27.92,6024.0,0.5
Soyabean,haveri,Shiggauv,2019,6,145.0,3472,3710,3557.0,32.43,25.78,1.78,59.99,6024.0,0.5
Soyabean,haveri,Shiggauv,2019,7,70.0,3474,3608,3600.0,93.14,32.43,25.78,151.35,6024.0,0.5
Soyabean,haveri,Shiggauv,2019,8,62.0,3400,3631,3449.0,123.64,93.14,32.43,249.21,6024.0,0.5
Soyabean,haveri,Shiggauv,2019,9,58.0,3500,3802,3656.0,217.51,123.64,93.14,434.29,6024.0,0.5
Soyabean,haveri,Shiggauv,2019,10,103.0,3286,3881,3358.0,150.47,217.51,123.64,491.62,6024.0,0.5
Soyabean,haveri,Shiggauv,2019,11,182.0,3195,3660,3600.0,255.2,150.47,217.51,623.18,6024.0,0.5
Soyabean,haveri,Shiggauv,2019,12,95.0,2772,4200,3634.0,24.36,255.2,150.47,430.03,6024.0,0.5
Soyabean,haveri,Shiggauv,2020,1,200.0,3829,4300,3959.0,8.38,24.36,255.2,287.94,7221.0,0.99
Soyabean,haveri,Shiggauv,2020,2,51.0,3482,4044,3482.0,1.65,8.38,24.36,34.39,7221.0,0.99
Soyabean,haveri,Shiggauv,2020,3,41.0,3255,3840,3255.0,0.0,1.65,8.38,10.03,7221.0,0.99
Soyabean,haveri,Shiggauv,2020,4,51.0,3700,3700,3700.0,2.99,0.0,1.65,4.640000000000001,7221.0,0.99
Soyabean,haveri,Shiggauv,2020,5,102.0,3046,3770,3179.0,80.99,2.99,0.0,83.97999999999999,7221.0,0.99
Soyabean,haveri,Shiggauv,2020,6,159.0,2963,3770,3501.0,71.65,80.99,2.99,155.63,7221.0,0.99
Soyabean,haveri,Shiggauv,2020,7,123.0,3460,3860,3700.0,116.04,71.65,80.99,268.68,7221.0,0.99
Soyabean,haveri,Shiggauv,2020,8,100.0,3311,3707,3500.0,294.71,116.04,71.65,482.4,7221.0,0.99
Soyabean,haveri,Shiggauv,2020,9,113.0,3298,3855,3605.0,173.5,294.71,116.04,584.25,7221.0,0.99
Soyabean,haveri,Shiggauv,2020,10,232.0,3000,4050,3237.0,245.84,173.5,294.71,714.05,7221.0,0.99
Soyabean,haveri,Shiggauv,2020,11,1155.0,3600,4281,4050.0,219.87,245.84,173.5,639.21,7221.0,0.99
Soyabean,haveri,Shiggauv,2020,12,303.0,3942,4341,4285.0,7.16,219.87,245.84,472.87,7221.0,0.99
Soyabean,haveri,Shiggauv,2021,1,123.0,4134,4481,4220.0,4.69,7.16,219.87,231.72,17229.0,0.7
Soyabean,haveri,Shiggauv,2021,2,118.0,4272,5039,4420.0,32.76,4.69,7.16,44.61,17229.0,0.7
Soyabean,haveri,Shiggauv,2021,3,120.0,4723,5770,5428.0,19.54,32.76,4.69,56.99,17229.0,0.7
Soyabean,haveri,Shiggauv,2021,4,266.0,5967,7866,6044.0,1.59,19.54,32.76,53.89,17229.0,0.7
Soyabean,haveri,Shiggauv,2021,5,112.0,6977,7640,6982.0,33.06,1.59,19.54,54.190000000000005,17229.0,0.7
Soyabean,haveri,Shiggauv,2021,6,97.0,6500,7538,6500.0,184.99,33.06,1.59,219.64,17229.0,0.7
Soyabean,haveri,Shiggauv,2021,7,25.0,6745,7456,7233.0,149.03,184.99,33.06,367.08,17229.0,0.7
Soyabean,haveri,Shiggauv,2023,11,75.0,4706,4720,4720.0,5.75,131.31,44.47,181.53,13361.63,0.68
Soyabean,haveri,Shiggauv,2024,4,15.0,4500,4635,4500.0,0.78,0.0,19.34,20.12,13495.24,0.69
Soyabean,haveri,Shiggauv,2024,5,396.0,4400,4803,4400.0,47.19,0.78,0.0,47.97,13495.24,0.69
Soyabean,haveri,Shiggauv,2024,6,201.0,4266,4684,4266.0,97.62,47.19,0.78,145.59,13495.24,0.69
Soyabean,haveri,Shiggauv,2024,7,159.0,3992,4606,4340.0,155.91,97.62,47.19,300.72,13495.24,0.69
Soyabean,haveri,Shiggauv,2024,8,55.0,3926,4281,4270.0,192.9,155.91,97.62,446.43,13495.24,0.69
Soyabean,haveri,Shiggauv,2024,9,547.0,3383,4744,4475.0,172.79,192.9,155.91,521.6,13495.24,0.69
Soyabean,haveri,Shiggauv,2024,10,411.0,3991,4678,4290.0,124.86,172.79,192.9,490.55,13495.24,0.69
Soyabean,haveri,Shiggauv,2024,11,258.0,3629,4468,4380.0,205.31,124.86,172.79,502.96,13495.24,0.69
Soyabean,haveri,Shiggauv,2024,12,165.0,3605,4310,4310.0,6.54,205.31,124.86,336.71,13495.24,0.69
Soyabean,haveri,Shiggauv,2025,1,312.0,3802,4526,4200.0,22.14,6.54,205.31,233.99,13630.2,0.69
Soyabean,haveri,Shiggauv,2025,2,210.0,3500,4413,4278.0,0.05,22.14,6.54,28.73,13630.2,0.69
Soyabean,haveri,Shiggauv,2025,3,53.0,4101,4403,4403.0,0.39,0.05,22.14,22.58,13630.2,0.69
